channel,date_local,time_local,datetime_utc,datetime_utc_end,title_original,title_en
max_sport_4_hd,2025-10-19,00:20,2025-10-18 21:20:00,2025-10-18 21:35:00,FIA Extreme H Световна купа,FIA Extreme H World Cup
max_sport_4_hd,2025-10-19,00:35,2025-10-18 21:35:00,2025-10-18 21:50:00,Зала на славата: Чавдар Цветков,Hall of Fame: Chavdar Tsvetkov
max_sport_4_hd,2025-10-19,00:50,2025-10-18 21:50:00,2025-10-18 22:00:00,Спортни новини,Sports news
max_sport_4_hd,2025-10-19,01:00,2025-10-18 22:00:00,2025-10-18 23:20:00,"Волейбол: Марица - Левски София, среща от Националната волейболна Демакс+ лига /жени/","Volleyball: Maritsa - Levski Sofia, match from the National Volleyball Demax+ League /women/"
max_sport_4_hd,2025-10-19,02:20,2025-10-18 23:20:00,2025-10-18 23:30:00,Спортни новини,Sports news
max_sport_4_hd,2025-10-19,02:30,2025-10-18 23:30:00,2025-10-18 23:50:00,Световна купа по скокове на батут,Trampoline World Cup
max_sport_4_hd,2025-10-19,02:50,2025-10-18 23:50:00,2025-10-19 01:40:00,Късметът на Слевин,Slevin's luck
max_sport_4_hd,2025-10-19,04:40,2025-10-19 01:40:00,2025-10-19 02:05:00,FIA Extreme H Световна купа,FIA Extreme H World Cup
max_sport_4_hd,2025-10-19,05:05,2025-10-19 02:05:00,2025-10-19 02:35:00,One Water Race - екстремна надпревара,One Water Race - an extreme race
max_sport_4_hd,2025-10-19,05:35,2025-10-19 02:35:00,2025-10-19 02:55:00,Monster Jam - автомобилно шоу,Monster Jam - Car Show
max_sport_4_hd,2025-10-19,05:55,2025-10-19 02:55:00,2025-10-19 04:45:00,"Футбол: България - Турция, квалификация за световно първенство","Football: Bulgaria - Turkey, qualification for the World Cup"
max_sport_4_hd,2025-10-19,07:45,2025-10-19 04:45:00,2025-10-19 05:00:00,Зала на славата: Димитър Илиев,Hall of Fame: Dimitar Iliev
max_sport_4_hd,2025-10-19,08:00,2025-10-19 05:00:00,2025-10-19 05:30:00,Рали Португалия,Rally Portugal
max_sport_4_hd,2025-10-19,08:30,2025-10-19 05:30:00,2025-10-19 06:00:00,Туризъм БГ,Tourism BG
max_sport_4_hd,2025-10-19,09:00,2025-10-19 06:00:00,2025-10-19 06:10:00,Аз съм...,I am...
max_sport_4_hd,2025-10-19,09:10,2025-10-19 06:10:00,2025-10-19 08:10:00,FIA Extreme H Световна купа,FIA Extreme H World Cup
max_sport_4_hd,2025-10-19,11:10,2025-10-19 08:10:00,2025-10-19 10:05:00,"Футбол: Испания - България, квалификация за световно първенство","Football: Spain - Bulgaria, qualification for the World Cup"
max_sport_4_hd,2025-10-19,13:05,2025-10-19 10:05:00,2025-10-19 10:20:00,Телепазарен прозорец,Telemarketing window
max_sport_4_hd,2025-10-19,13:20,2025-10-19 10:20:00,2025-10-19 10:25:00,Спортни новини,Sports news
max_sport_4_hd,2025-10-19,13:25,2025-10-19 10:25:00,2025-10-19 12:30:00,"Волейбол: Марица - Левски София, среща от Националната волейболна Демакс+ лига /жени/","Volleyball: Maritsa - Levski Sofia, match from the National Volleyball Demax+ League /women/"
max_sport_4_hd,2025-10-19,15:30,2025-10-19 12:30:00,2025-10-19 13:35:00,Световно първенство по модерен петобой,Modern Pentathlon World Championship
max_sport_4_hd,2025-10-19,16:35,2025-10-19 13:35:00,2025-10-19 13:45:00,Аз съм...,I am...
max_sport_4_hd,2025-10-19,16:45,2025-10-19 13:45:00,2025-10-19 14:10:00,FEI Конен спорт,FEI Equestrian
max_sport_4_hd,2025-10-19,17:10,2025-10-19 14:10:00,2025-10-19 16:25:00,Имението Хауърдс Енд,Howards End Estate
max_sport_4_hd,2025-10-19,19:25,2025-10-19 16:25:00,2025-10-19 16:50:00,Monster Jam - автомобилно шоу,Monster Jam - Car Show
max_sport_4_hd,2025-10-19,19:50,2025-10-19 16:50:00,2025-10-19 17:35:00,Арена спорт,Arena sport
max_sport_4_hd,2025-10-19,20:35,2025-10-19 17:35:00,2025-10-19 17:50:00,Зала на славата: Чавдар Цветков,Hall of Fame: Chavdar Tsvetkov
max_sport_4_hd,2025-10-19,20:50,2025-10-19 17:50:00,2025-10-19 18:50:00,Вечерното шоу,The evening show
max_sport_4_hd,2025-10-19,21:50,2025-10-19 18:50:00,2025-10-19 19:00:00,Спортни новини,Sports news
max_sport_4_hd,2025-10-19,22:00,2025-10-19 19:00:00,2025-10-19 20:50:00,Късметът на Слевин,Slevin's luck
max_sport_4_hd,2025-10-19,23:50,2025-10-19 20:50:00,2025-10-19 21:50:00,Арена спорт,Arena sport
bnt_3,2025-10-19,00:00,2025-10-18 21:00:00,2025-10-18 22:00:00,Бойни вечери,Battle nights
bnt_3,2025-10-19,01:00,2025-10-18 22:00:00,2025-10-18 23:00:00,УЕФА Шампионска лига / УЕФА Лига Европа / Лига на конференциите /п./,UEFA Champions League / UEFA Europa League / Conference League /p./
bnt_3,2025-10-19,02:00,2025-10-18 23:00:00,2025-10-19 05:00:00,УЕФА Шампионска лига / УЕФА Лига Европа / Лига на конференциите /п./,UEFA Champions League / UEFA Europa League / Conference League /p./
bnt_3,2025-10-19,08:00,2025-10-19 05:00:00,2025-10-19 07:00:00,УЕФА Шампионска лига - класическите мачове,UEFA Champions League - the classic matches
bnt_3,2025-10-19,10:00,2025-10-19 07:00:00,2025-10-19 09:00:00,"Нидерландия, Ередивизии: ПСВ Айндховен - Гоу Ахед Ийгълс, 9.кр","Netherlands, Eredivisie: PSV Eindhoven - Go Ahed Iigls, 9.kr"
bnt_3,2025-10-19,12:00,2025-10-19 09:00:00,2025-10-19 11:00:00,"Нидерландия, Ередивизии: Аякс - АЗ Алкмаар, 9.кр","Netherlands, Eredivisie: Ajax - AZ Alkmaar, 9.kr"
bnt_3,2025-10-19,14:00,2025-10-19 11:00:00,2025-10-19 13:00:00,"ПРЯКО: Шотландия, Висша лига: Дънди - Селтик, 8.кр","LIVE: Scotland, Premier League: Dundee - Celtic, 8.cr"
bnt_3,2025-10-19,16:00,2025-10-19 13:00:00,2025-10-19 14:00:00,УЕФА Лига Европа / Лига на конференциите - магазинно предаване,UEFA Europa League / Conference League - shop broadcast
bnt_3,2025-10-19,17:00,2025-10-19 14:00:00,2025-10-19 14:45:00,УЕФА Шампионска лига - магазинно предаване,UEFA Champions League - shop show
bnt_3,2025-10-19,17:45,2025-10-19 14:45:00,2025-10-19 16:45:00,"ПРЯКО: Нидерландия, Ередивизии: Хераклес - Фейенорд, 9.кр","LIVE: Netherlands, Eredivisie: Heracles - Feyenoord, 9.kr"
bnt_3,2025-10-19,19:45,2025-10-19 16:45:00,2025-10-19 19:00:00,УЕФА Шампионска лига / УЕФА Лига Европа / Лига на конференциите - обзори,UEFA Champions League / UEFA Europa League / Conference League - overviews
bnt_3,2025-10-19,22:00,2025-10-19 19:00:00,2025-10-19 20:00:00,Бойни вечери,Battle nights
ring,2025-10-19,00:00,2025-10-18 21:00:00,2025-10-18 22:00:00,Анже - Монако,Angers - Monaco
ring,2025-10-19,01:00,2025-10-18 22:00:00,2025-10-18 22:55:00,Чарлтън Атлетик - Шефилд Уензди,Charlton Athletic - Sheffield Wednesday
ring,2025-10-19,01:55,2025-10-18 22:55:00,2025-10-19 00:00:00,Хъдърсфийлд Таун - Болтън Уондърърс,Huddersfield Town - Bolton Wanderers
ring,2025-10-19,03:00,2025-10-19 00:00:00,2025-10-19 00:45:00,Еротичен Телепазар,Erotic Telemarket
ring,2025-10-19,03:45,2025-10-19 00:45:00,2025-10-19 06:00:00,Еротичен Телепазар,Erotic Telemarket
ring,2025-10-19,09:00,2025-10-19 06:00:00,2025-10-19 08:00:00,Куинс Парк Рейнджърс - Милуол,Queens Park Rangers - Millwall
ring,2025-10-19,11:00,2025-10-19 08:00:00,2025-10-19 10:00:00,Чарлтън Атлетик - Шефилд Уензди,Charlton Athletic - Sheffield Wednesday
ring,2025-10-19,13:00,2025-10-19 10:00:00,2025-10-19 11:55:00,Ховентут - Билбао Баскет,Hoventut - Bilbao Basket
ring,2025-10-19,14:55,2025-10-19 11:55:00,2025-10-19 12:00:00,Новини,News
ring,2025-10-19,15:00,2025-10-19 12:00:00,2025-10-19 12:30:00,Мото Спорт Xtra,Moto Sport Xtra
ring,2025-10-19,15:30,2025-10-19 12:30:00,2025-10-19 13:00:00,Квалификации за Световно първенство 2026: Обзор,2026 World Cup Qualifiers: Overview
ring,2025-10-19,16:00,2025-10-19 13:00:00,2025-10-19 15:00:00,Ланс - Париж ФК,Lance - Paris FC
ring,2025-10-19,18:00,2025-10-19 15:00:00,2025-10-19 15:30:00,Чемпиъншип: Обзор,Championship: Overview
ring,2025-10-19,18:30,2025-10-19 15:30:00,2025-10-19 17:25:00,Санкт Паули - Хофенхайм,St. Pauli - Hoffenheim
ring,2025-10-19,20:25,2025-10-19 17:25:00,2025-10-19 18:00:00,Пета четвърт,Fifth quarter
ring,2025-10-19,21:00,2025-10-19 18:00:00,2025-10-19 20:00:00,АЕК - ПАОК,AEK - PAOK
ring,2025-10-19,23:00,2025-10-19 20:00:00,2025-10-19 21:00:00,Рб Лайпциг -  Хамбургер,Rb Leipzig - Hamburger
nova_sport,2025-10-19,00:00,2025-10-18 21:00:00,2025-10-18 22:00:00,"Колоездене: Обиколка на Холандия, четвърти етап, мъже, повторение","Cycling: Tour of Holland, stage four, men, replay"
nova_sport,2025-10-19,01:00,2025-10-18 22:00:00,2025-10-18 22:00:00,"Снукър: Турнир на Си-ан, финал, повторение","Snooker: Xi'an tournament, final, replay"
nova_sport,2025-10-19,01:00,2025-10-18 22:00:00,2025-10-18 22:45:00,"Колоездене: Тур дьо Франс, десети етап, мъже, повторение","Cycling: Tour de France, stage ten, men, replay"
nova_sport,2025-10-19,01:45,2025-10-18 22:45:00,2025-10-18 23:30:00,"Колоездене: Тур дьо Франс, етап 15, мъже, повторение",Cycling: Tour de France stage 15 men's replay
nova_sport,2025-10-19,02:30,2025-10-18 23:30:00,2025-10-18 23:30:00,"Колоездене: Обиколка на Холандия, четвърти етап, мъже, повторение","Cycling: Tour of Holland, stage four, men, replay"
nova_sport,2025-10-19,02:30,2025-10-18 23:30:00,2025-10-19 01:00:00,"Снукър: Северна Ирландия оупън, първи кръг, повторение",Snooker: Northern Ireland Open first round replay
nova_sport,2025-10-19,04:00,2025-10-19 01:00:00,2025-10-19 01:00:00,"Лека атлетика: Маратон на Чикаго, повторение","Athletics: Chicago Marathon, repeat"
nova_sport,2025-10-19,04:00,2025-10-19 01:00:00,2025-10-19 02:00:00,"Колоездене: Тур дьо Франс, десети етап, мъже, повторение","Cycling: Tour de France, stage ten, men, replay"
nova_sport,2025-10-19,05:00,2025-10-19 02:00:00,2025-10-19 04:00:00,"Колоездене: Тур дьо Франс, етап 15, мъже, повторение",Cycling: Tour de France stage 15 men's replay
nova_sport,2025-10-19,07:00,2025-10-19 04:00:00,2025-10-19 05:30:00,"Снукър: Турнир на Си-ан, финал, повторение","Snooker: Xi'an tournament, final, replay"
nova_sport,2025-10-19,08:30,2025-10-19 05:30:00,2025-10-19 06:45:00,"Лека атлетика: Маратон на Чикаго, повторение","Athletics: Chicago Marathon, repeat"
nova_sport,2025-10-19,09:45,2025-10-19 06:45:00,2025-10-19 09:30:00,"Лека атлетика: Маратон на Амстердам, директно","Athletics: Marathon to Amsterdam, directly"
nova_sport,2025-10-19,12:30,2025-10-19 09:30:00,2025-10-19 11:00:00,"Снукър: Турнир на Си-ан, финал, повторение","Snooker: Xi'an tournament, final, replay"
nova_sport,2025-10-19,14:00,2025-10-19 11:00:00,2025-10-19 11:35:00,"Колоездене: Обиколка на Холандия, четвърти етап, мъже, повторение","Cycling: Tour of Holland, stage four, men, replay"
nova_sport,2025-10-19,14:35,2025-10-19 11:35:00,2025-10-19 14:00:00,"Колоездене: Обиколка на Холандия, пети етап, мъже, директно",Cycling: Tour of the Netherlands stage five men's direct
nova_sport,2025-10-19,17:00,2025-10-19 14:00:00,2025-10-19 15:15:00,"Колоездене: Венетиа класик, мъже, директно",Cycling: Venetia Classic Men's Direct
nova_sport,2025-10-19,18:15,2025-10-19 15:15:00,2025-10-19 17:00:00,"Лека атлетика: Маратон на Амстердам, повторение",Athletics: Amsterdam Marathon repeat
nova_sport,2025-10-19,20:00,2025-10-19 17:00:00,2025-10-19 18:00:00,"Снукър: Северна Ирландия оупън, първи кръг, запис",Snooker: Northern Ireland Open First Round Record
nova_sport,2025-10-19,21:00,2025-10-19 18:00:00,2025-10-19 19:00:00,"Снукър: Северна Ирландия оупън, първи кръг, директно","Snooker: Northern Ireland Open, first round, direct"
eurosport_1,2025-10-19,01:00,2025-10-18 22:00:00,2025-10-18 22:00:00,"Колоездене: Обиколка на Холандия, четвърти етап, мъже, повторение","Cycling: Tour of Holland, stage four, men, replay"
eurosport_1,2025-10-19,01:00,2025-10-18 22:00:00,2025-10-18 23:30:00,"Снукър: Северна Ирландия оупън, първи кръг, повторение",Snooker: Northern Ireland Open first round replay
eurosport_1,2025-10-19,02:30,2025-10-18 23:30:00,2025-10-18 23:30:00,"Снукър: Турнир на Си-ан, финал, повторение","Snooker: Xi'an tournament, final, replay"
eurosport_1,2025-10-19,02:30,2025-10-18 23:30:00,2025-10-19 00:15:00,"Колоездене: Тур дьо Франс, десети етап, мъже, повторение","Cycling: Tour de France, stage ten, men, replay"
eurosport_1,2025-10-19,03:15,2025-10-19 00:15:00,2025-10-19 01:00:00,"Колоездене: Тур дьо Франс, етап 15, мъже, повторение",Cycling: Tour de France stage 15 men's replay
eurosport_1,2025-10-19,04:00,2025-10-19 01:00:00,2025-10-19 01:00:00,"Колоездене: Обиколка на Холандия, четвърти етап, мъже, повторение","Cycling: Tour of Holland, stage four, men, replay"
eurosport_1,2025-10-19,04:00,2025-10-19 01:00:00,2025-10-19 04:00:00,"Снукър: Северна Ирландия оупън, първи кръг, повторение",Snooker: Northern Ireland Open first round replay
eurosport_1,2025-10-19,07:00,2025-10-19 04:00:00,2025-10-19 05:30:00,"Колоездене: Обиколка на Ломбардия, мъже, повторение",Cycling: Tour of Lombardy men repeat
eurosport_1,2025-10-19,08:30,2025-10-19 05:30:00,2025-10-19 06:30:00,"Колоездене: Обиколка на Холандия, четвърти етап, мъже, повторение","Cycling: Tour of Holland, stage four, men, replay"
eurosport_1,2025-10-19,09:30,2025-10-19 06:30:00,2025-10-19 08:30:00,"Снукър: Турнир на Си-ан, финал, повторение","Snooker: Xi'an tournament, final, replay"
eurosport_1,2025-10-19,11:30,2025-10-19 08:30:00,2025-10-19 09:30:00,"Колоездене: Обиколка на Холандия, четвърти етап, мъже, повторение","Cycling: Tour of Holland, stage four, men, replay"
eurosport_1,2025-10-19,12:30,2025-10-19 09:30:00,2025-10-19 11:00:00,"Фигурно пързаляне: Гран При във Франция, волна програма, танцови двойки, директно","Figure skating: Grand Prix in France, free program, dance pairs, direct"
eurosport_1,2025-10-19,14:00,2025-10-19 11:00:00,2025-10-19 11:50:00,"Супербайк: Световен шампионат в Испания, първо състезание, повторение","Superbike: Spain World Championship, first race, replay"
eurosport_1,2025-10-19,14:50,2025-10-19 11:50:00,2025-10-19 13:00:00,"Супербайк: Световен шампионат в Испания, второ състезание, директно","Superbike: World Championship in Spain, second race, direct"
eurosport_1,2025-10-19,16:00,2025-10-19 13:00:00,2025-10-19 14:15:00,"Суперспорт: Световен шампионат в Испания, второ състезание, директно","Supersport: World Championship in Spain, second race, direct"
eurosport_1,2025-10-19,17:15,2025-10-19 14:15:00,2025-10-19 15:00:00,"Фигурно пързаляне: Гран При във Франция, кратка програма, мъже, повторение",Figure Skating: French Grand Prix Short Program Men's Repeat
eurosport_1,2025-10-19,18:00,2025-10-19 15:00:00,2025-10-19 16:00:00,"Фигурно пързаляне: Гран При във Франция, волна програма, мъже, запис","Figure Skating: Grand Prix in France, free program, men, record"
eurosport_1,2025-10-19,19:00,2025-10-19 16:00:00,2025-10-19 18:00:00,"Конен спорт: Световен тур на шампионите в Турнир Мохамед VI, прескачане на препятствия, запис",Equestrian: Mohammed VI World Tour of Champions Show Jumping Entry
eurosport_1,2025-10-19,21:00,2025-10-19 18:00:00,2025-10-19 18:30:00,"Трейл: Голдън Трейл световни серии, Трентино, повторение","Trail: Golden Trail World Series, Trentino, replay"
eurosport_1,2025-10-19,21:30,2025-10-19 18:30:00,2025-10-19 19:00:00,"Колоездене: Обиколка на Холандия, пети етап, мъже, повторение","Cycling: Tour of the Netherlands, stage five, men, repeat"
eurosport_1,2025-10-19,22:00,2025-10-19 19:00:00,2025-10-19 20:00:00,"Колоездене: Венетиа класик, мъже, повторение",Cycling: Venetia Classic Men's Repeat
eurosport_1,2025-10-19,23:00,2025-10-19 20:00:00,2025-10-19 21:00:00,"Лека атлетика: Маратон на Амстердам, повторение",Athletics: Amsterdam Marathon repeat
eurosport_2,2025-10-19,00:30,2025-10-18 21:30:00,2025-10-18 21:30:00,Волфсбург - Щутгарт,Wolfsburg - Stuttgart
eurosport_2,2025-10-19,00:30,2025-10-18 21:30:00,2025-10-18 23:30:00,Локомотив Пловдив - Ботев Враца,Locomotive Plovdiv - Botev Vratsa
eurosport_2,2025-10-19,02:30,2025-10-18 23:30:00,2025-10-19 05:00:00,България U21 - Чехия U21,Bulgaria U21 - Czech Republic U21
eurosport_2,2025-10-19,08:00,2025-10-19 05:00:00,2025-10-19 07:00:00,Ботев Пловдив - Славия,Botev Plovdiv - Slavia
eurosport_2,2025-10-19,10:00,2025-10-19 07:00:00,2025-10-19 09:00:00,Лудогорец - Спартак Варна,Ludogorets - Spartak Varna
eurosport_2,2025-10-19,12:00,2025-10-19 09:00:00,2025-10-19 11:00:00,Янтра - Локомотив Горна Оряховица,Yantra - Locomotive Gorna Oryahovitsa
eurosport_2,2025-10-19,14:00,2025-10-19 11:00:00,2025-10-19 11:30:00,Героите на кръга,The heroes of the circle
eurosport_2,2025-10-19,14:30,2025-10-19 11:30:00,2025-10-19 12:00:00,Студио efbet Лига футбол,Studio efbet League football
eurosport_2,2025-10-19,15:00,2025-10-19 12:00:00,2025-10-19 13:55:00,Добруджа - ЦСКА,Dobruja - CSKA
eurosport_2,2025-10-19,16:55,2025-10-19 13:55:00,2025-10-19 14:30:00,Студио efbet Лига футбол,Studio efbet League football
eurosport_2,2025-10-19,17:30,2025-10-19 14:30:00,2025-10-19 16:25:00,Черно море - Левски,Black Sea - Levski
eurosport_2,2025-10-19,19:25,2025-10-19 16:25:00,2025-10-19 17:00:00,Студио efbet Лига футбол,Studio efbet League football
eurosport_2,2025-10-19,20:00,2025-10-19 17:00:00,2025-10-19 18:55:00,Локомотив София - ЦСКА 1948,Lokomotiv Sofia - CSKA 1948
eurosport_2,2025-10-19,21:55,2025-10-19 18:55:00,2025-10-19 19:30:00,Студио efbet Лига футбол,Studio efbet League football
eurosport_2,2025-10-19,22:30,2025-10-19 19:30:00,2025-10-19 20:30:00,Уникаха - Барселона,Unicaja - Barcelona
diema_sport,2025-10-19,02:00,2025-10-18 23:00:00,2025-10-18 23:00:00,Кристъл Палас - Борнемут,Crystal Palace - Bournemouth
diema_sport,2025-10-19,02:00,2025-10-18 23:00:00,2025-10-19 04:30:00,Реал Мадрид - Бургос,Real Madrid - Burgos
diema_sport,2025-10-19,07:30,2025-10-19 04:30:00,2025-10-19 06:30:00,Нотингам Форест - Челси,Nottingham Forest - Chelsea
diema_sport,2025-10-19,09:30,2025-10-19 06:30:00,2025-10-19 08:30:00,Брайтън & Хоув Албиън -  Нюкасъл Юнайтед,Brighton & Hove Albion - Newcastle United
diema_sport,2025-10-19,11:30,2025-10-19 08:30:00,2025-10-19 10:30:00,Ница - Лион,Nice - Lyon
diema_sport,2025-10-19,13:30,2025-10-19 10:30:00,2025-10-19 12:30:00,Реал Мадрид - Бургос,Real Madrid - Burgos
diema_sport,2025-10-19,15:30,2025-10-19 12:30:00,2025-10-19 13:00:00,Студио Висша лига,Premier League Studio
diema_sport,2025-10-19,16:00,2025-10-19 13:00:00,2025-10-19 14:55:00,Тотнъм Хотспър - Астън Вила,Tottenham Hotspur - Aston Villa
diema_sport,2025-10-19,17:55,2025-10-19 14:55:00,2025-10-19 15:30:00,Студио Висша лига,Premier League Studio
diema_sport,2025-10-19,18:30,2025-10-19 15:30:00,2025-10-19 17:25:00,Ливърпул - Манчестър Юнайтед,Liverpool - Manchester United
diema_sport,2025-10-19,20:25,2025-10-19 17:25:00,2025-10-19 18:30:00,Студио Висша лига,Premier League Studio
diema_sport,2025-10-19,21:30,2025-10-19 18:30:00,2025-10-19 18:45:00,Студио Лига 1 на Франция,Studio Ligue 1 of France
diema_sport,2025-10-19,21:45,2025-10-19 18:45:00,2025-10-19 20:40:00,Нант - Лил,Nantes - Lille
diema_sport,2025-10-19,23:40,2025-10-19 20:40:00,2025-10-19 21:40:00,Студио Лига 1 на Франция,Studio Ligue 1 of France
diema_sport_2,2025-10-19,01:00,2025-10-18 22:00:00,2025-10-18 22:00:00,Европейски рали шампионат: Обзор на кръга Обзор на кръга,European Rally Championship: Round Overview Round Overview
diema_sport_2,2025-10-19,01:00,2025-10-18 22:00:00,2025-10-18 22:30:00,Волейбол - Суперкупа'25: Финал,Volleyball - Super Cup'25: Final
diema_sport_2,2025-10-19,01:30,2025-10-18 22:30:00,2025-10-18 23:00:00,"ПРЯКО, Moto GP: Загрявка преди състезанието за Голямата награда на Австралия Загрявка преди състезанието за Голямата награда на Австралия",LIVE Moto GP: Australian Grand Prix warm-up Australian Grand Prix warm-up
diema_sport_2,2025-10-19,02:00,2025-10-18 23:00:00,2025-10-18 23:50:00,Trans World Sport,Trans World Sport
diema_sport_2,2025-10-19,02:50,2025-10-18 23:50:00,2025-10-19 01:00:00,"ПРЯКО, Moto 3: Състезание за Голямата награда на Австралия Състезание за Голямата награда на Австралия",LIVE Moto 3: Australian Grand Prix Australian Grand Prix
diema_sport_2,2025-10-19,04:00,2025-10-19 01:00:00,2025-10-19 01:15:00,Евролига: Баскония - Партизан Баскония - Партизан,Euroleague: Baskonia - Partizan Baskonia - Partizan
diema_sport_2,2025-10-19,04:15,2025-10-19 01:15:00,2025-10-19 04:30:00,"ПРЯКО, Moto 2: Състезание за Голямата награда на Австралия Състезание за Голямата награда на Австралия",LIVE Moto 2: Australian Grand Prix Australian Grand Prix
diema_sport_2,2025-10-19,07:30,2025-10-19 04:30:00,2025-10-19 05:00:00,NFL: Обзор 6 кръг Обзор 6 кръг,NFL: Round 6 Overview Round 6 Overview
diema_sport_2,2025-10-19,08:00,2025-10-19 05:00:00,2025-10-19 06:00:00,Скорост на Макс Токшоу,Max Talkshow Speed
diema_sport_2,2025-10-19,09:00,2025-10-19 06:00:00,2025-10-19 08:00:00,ATP 250: Стокхолм Първи полуфинал,ATP 250: Stockholm First semi-final
diema_sport_2,2025-10-19,11:00,2025-10-19 08:00:00,2025-10-19 10:00:00,ATP 250: Стокхолм Втори полуфинал,ATP 250: Stockholm Second semi-final
diema_sport_2,2025-10-19,13:00,2025-10-19 10:00:00,2025-10-19 12:30:00,"ПРЯКО, ATP 250: Алмати, Казахстан Финал","LIVE, ATP 250: Almaty, Kazakhstan Final"
diema_sport_2,2025-10-19,15:30,2025-10-19 12:30:00,2025-10-19 13:00:00,Trans World Sport,Trans World Sport
diema_sport_2,2025-10-19,16:00,2025-10-19 13:00:00,2025-10-19 15:30:00,"ПРЯКО, ATP 250: Стокхолм Финал","LIVE, ATP 250: Stockholm Final"
diema_sport_2,2025-10-19,18:30,2025-10-19 15:30:00,2025-10-19 17:00:00,"ПРЯКО, ATP 250: Брюксел Финал","LIVE, ATP 250: Brussels Final"
diema_sport_2,2025-10-19,20:00,2025-10-19 17:00:00,2025-10-19 18:00:00,Nascar Cup Series: Обзор на състезанието в Лас Вегас Обзор на състезанието в Лас Вегас,Nascar Cup Series: Las Vegas Race Overview Las Vegas Race Overview
diema_sport_2,2025-10-19,21:00,2025-10-19 18:00:00,2025-10-19 19:00:00,"ПРЯКО, Nascar Cup Series: Състезание в Алабама Състезание в Алабама","LIVE, Nascar Cup Series: Race in Alabama Race in Alabama"
max_sport_1_hd,2025-10-19,01:30,2025-10-18 22:30:00,2025-10-18 23:00:00,Trans World Sport,Trans World Sport
max_sport_1_hd,2025-10-19,02:00,2025-10-18 23:00:00,2025-10-18 23:30:00,"ПРЯКО, UFC Fight Night: де Ридер срещу Алън Рейнир де Ридер срещу Брендън Алън","LIVE, UFC Fight Night: de Ridder vs. Allen Rainier de Ridder vs. Brendan Allen"
max_sport_1_hd,2025-10-19,02:30,2025-10-18 23:30:00,2025-10-19 02:00:00,NFL: Канзас Сити Чийфс - Лас Вегас Рейдърс Канзас Сити Чийфс - Лас Вегас Рейдърс,NFL: Kansas City Chiefs - Las Vegas Raiders Kansas City Chiefs - Las Vegas Raiders
max_sport_1_hd,2025-10-19,05:00,2025-10-19 02:00:00,2025-10-19 05:00:00,UFC Fight Night: де Ридер срещу Алън Рейнир де Ридер срещу Брендън Алън,UFC Fight Night: de Ridder vs. Allen Rainier de Ridder vs. Brendan Allen
max_sport_1_hd,2025-10-19,08:00,2025-10-19 05:00:00,2025-10-19 07:00:00,Sesame Национална баскетболна лига: Левски - Миньор Левски - Миньор,Sesame National Basketball League: Levski - Miner Levski - Miner
max_sport_1_hd,2025-10-19,10:00,2025-10-19 07:00:00,2025-10-19 08:00:00,Световен рали шампионат: Състезание в Централна Европа SS12 Keply 2,World Rally Championship: Race in Central Europe SS12 Keply 2
max_sport_1_hd,2025-10-19,11:00,2025-10-19 08:00:00,2025-10-19 09:00:00,"ПРЯКО, Световен рали шампионат: Състезание в Централна Европа SS16 Muhltal 1","LIVE, World Rally Championship: Central European Race SS16 Muhltal 1"
max_sport_1_hd,2025-10-19,12:00,2025-10-19 09:00:00,2025-10-19 11:00:00,Moto GP: Състезание за Голямата награда на Австралия Състезание за Голямата награда на Австралия,Moto GP: Australian Grand Prix Australian Grand Prix
max_sport_1_hd,2025-10-19,14:00,2025-10-19 11:00:00,2025-10-19 12:30:00,"ПРЯКО, Световен рали шампионат: Състезание в Централна Европа SS18 Muhltal 2 WOLF PS",LIVE World Rally Championship: Central European Race SS18 Muhltal 2 WOLF PS
max_sport_1_hd,2025-10-19,15:30,2025-10-19 12:30:00,2025-10-19 13:30:00,Nascar Cup Series: Обзор на състезанието в Лас Вегас Обзор на състезанието в Лас Вегас,Nascar Cup Series: Las Vegas Race Overview Las Vegas Race Overview
max_sport_1_hd,2025-10-19,16:30,2025-10-19 13:30:00,2025-10-19 16:00:00,Волейбол - Суперкупа'25: Нефтохимик - Локомотив Авиа Втори полуфинал,Volleyball - Super Cup'25: Neftohimik - Lokomotiv Avia Second semi-final
max_sport_1_hd,2025-10-19,19:00,2025-10-19 16:00:00,2025-10-19 16:30:00,"ПРЯКО, Студио Волейбол","LIVE, Studio Volleyball"
max_sport_1_hd,2025-10-19,19:30,2025-10-19 16:30:00,2025-10-19 18:45:00,"ПРЯКО, Волейбол - Суперкупа'25: Финал","LIVE, Volleyball - Super Cup'25: Final"
max_sport_1_hd,2025-10-19,21:45,2025-10-19 18:45:00,2025-10-19 19:45:00,Евролига: Обзор на 4 и 5 кръг Обзор 4 и 5 кръг,Euroleague: Overview of Round 4 and 5 Overview of Round 4 and 5
max_sport_1_hd,2025-10-19,22:45,2025-10-19 19:45:00,2025-10-19 20:20:00,Удар със стик,Strike with a stick
max_sport_1_hd,2025-10-19,23:20,2025-10-19 20:20:00,2025-10-19 21:20:00,"ПРЯКО, NFL: Аризона Кардиналс - Грийн Бей Пакърс Аризона Кардиналс - Грийн Бей Пакърс","LIVE, NFL: Arizona Cardinals - Green Bay Packers Arizona Cardinals - Green Bay Packers"
max_sport_2_hd,2025-10-19,00:00,2025-10-18 21:00:00,2025-10-18 21:00:00,ATP 250: Брюксел Първи полуфинал,ATP 250: Brussels First Semi-Final
max_sport_2_hd,2025-10-19,00:00,2025-10-18 21:00:00,2025-10-18 22:00:00,УЕФА Лига Европа и Лига на конференциите Магазинно предаване,UEFA Europa League and Conference League Store broadcast
max_sport_2_hd,2025-10-19,01:00,2025-10-18 22:00:00,2025-10-18 23:00:00,Серия А: Комо - Ювентус,Serie A: Como - Juventus
max_sport_2_hd,2025-10-19,02:00,2025-10-18 23:00:00,2025-10-19 00:00:00,ATP 250: Брюксел Втори полуфинал,ATP 250: Brussels Second Semi-Final
max_sport_2_hd,2025-10-19,03:00,2025-10-19 00:00:00,2025-10-19 01:00:00,Серия А: Аталанта - Лацио,Serie A: Atalanta - Lazio
max_sport_2_hd,2025-10-19,04:00,2025-10-19 01:00:00,2025-10-19 02:00:00,Серия А: Торино - Наполи,Serie A: Torino - Napoli
max_sport_2_hd,2025-10-19,05:00,2025-10-19 02:00:00,2025-10-19 05:00:00,Серия А: Милан - Фиорентина,Serie A: Milan - Fiorentina
max_sport_2_hd,2025-10-19,08:00,2025-10-19 05:00:00,2025-10-19 07:00:00,ATP 250: Брюксел Първи полуфинал,ATP 250: Brussels First Semi-Final
max_sport_2_hd,2025-10-19,10:00,2025-10-19 07:00:00,2025-10-19 09:00:00,ATP 250: Брюксел Втори полуфинал,ATP 250: Brussels Second Semi-Final
max_sport_2_hd,2025-10-19,12:00,2025-10-19 09:00:00,2025-10-19 09:30:00,Trans World Sport,Trans World Sport
max_sport_2_hd,2025-10-19,12:30,2025-10-19 09:30:00,2025-10-19 10:00:00,УЕФА Шампионска лига Магазинно предаване,UEFA Champions League Shop show
max_sport_2_hd,2025-10-19,13:00,2025-10-19 10:00:00,2025-10-19 10:30:00,"ПРЯКО, Студио Футбол","LIVE, Studio Football"
max_sport_2_hd,2025-10-19,13:30,2025-10-19 10:30:00,2025-10-19 12:30:00,"ПРЯКО, Серия А: Комо - Ювентус","LIVE, Serie A: Como - Juventus"
max_sport_2_hd,2025-10-19,15:30,2025-10-19 12:30:00,2025-10-19 13:00:00,"ПРЯКО, Студио Футбол","LIVE, Studio Football"
max_sport_2_hd,2025-10-19,16:00,2025-10-19 13:00:00,2025-10-19 15:00:00,"ПРЯКО, Серия А: Каляри - Болоня",LIVE Serie A: Cagliari - Bologna
max_sport_2_hd,2025-10-19,18:00,2025-10-19 15:00:00,2025-10-19 15:30:00,"ПРЯКО, Студио Футбол","LIVE, Studio Football"
max_sport_2_hd,2025-10-19,18:30,2025-10-19 15:30:00,2025-10-19 16:00:00,"ПРЯКО, Студио Футбол","LIVE, Studio Football"
max_sport_2_hd,2025-10-19,19:00,2025-10-19 16:00:00,2025-10-19 18:00:00,"ПРЯКО, Серия А: Аталанта - Лацио","LIVE, Serie A: Atalanta - Lazio"
max_sport_2_hd,2025-10-19,21:00,2025-10-19 18:00:00,2025-10-19 18:45:00,"ПРЯКО, Студио Футбол","LIVE, Studio Football"
max_sport_2_hd,2025-10-19,21:45,2025-10-19 18:45:00,2025-10-19 20:45:00,"ПРЯКО, Серия А: Милан - Фиорентина","LIVE, Serie A: Milan - Fiorentina"
max_sport_2_hd,2025-10-19,23:45,2025-10-19 20:45:00,2025-10-19 21:45:00,"ПРЯКО, Студио Футбол","LIVE, Studio Football"
max_sport_3_hd,2025-10-19,00:00,2025-10-18 21:00:00,2025-10-18 21:00:00,"ПРЯКО, Студио Футбол","LIVE, Studio Football"
max_sport_3_hd,2025-10-19,00:00,2025-10-18 21:00:00,2025-10-18 21:15:00,"ПРЯКО, Студио Футбол","LIVE, Studio Football"
max_sport_3_hd,2025-10-19,00:15,2025-10-18 21:15:00,2025-10-18 21:30:00,Ла Лига: Севиля - Майорка,La Liga: Sevilla - Mallorca
max_sport_3_hd,2025-10-19,00:30,2025-10-18 21:30:00,2025-10-18 22:00:00,УЕФА Шампионска лига Магазинно предаване,UEFA Champions League Shop show
max_sport_3_hd,2025-10-19,01:00,2025-10-18 22:00:00,2025-10-18 23:00:00,"ПРЯКО, Мейджър Лийг Сокър:","LIVE, Major League Soccer:"
max_sport_3_hd,2025-10-19,02:00,2025-10-18 23:00:00,2025-10-19 00:00:00,Ла Лига: Барселона - Жирона,La Liga: Barcelona - Girona
max_sport_3_hd,2025-10-19,03:00,2025-10-19 00:00:00,2025-10-19 01:00:00,УЕФА Лига Европа и Лига на конференциите Магазинно предаване,UEFA Europa League and Conference League Store broadcast
max_sport_3_hd,2025-10-19,04:00,2025-10-19 01:00:00,2025-10-19 05:00:00,Голф: DP World India Championship,Голф: DP World India Championship
max_sport_3_hd,2025-10-19,08:00,2025-10-19 05:00:00,2025-10-19 06:00:00,Nascar Cup Series: Обзор на състезанието в Лас Вегас Обзор на състезанието в Лас Вегас,Nascar Cup Series: Las Vegas Race Overview Las Vegas Race Overview
max_sport_3_hd,2025-10-19,09:00,2025-10-19 06:00:00,2025-10-19 11:00:00,"ПРЯКО, Голф: DP World India Championship","LIVE, Golf: DP World India Championship"
max_sport_3_hd,2025-10-19,14:00,2025-10-19 11:00:00,2025-10-19 11:30:00,Trans World Sport,Trans World Sport
max_sport_3_hd,2025-10-19,14:30,2025-10-19 11:30:00,2025-10-19 12:00:00,"ПРЯКО, Студио Футбол","LIVE, Studio Football"
max_sport_3_hd,2025-10-19,15:00,2025-10-19 12:00:00,2025-10-19 14:00:00,"ПРЯКО, Ла Лига: Елче - Атлетик Билбао","LIVE, La Liga: Elche - Athletic Bilbao"
max_sport_3_hd,2025-10-19,17:00,2025-10-19 14:00:00,2025-10-19 14:15:00,"ПРЯКО, Студио Футбол","LIVE, Studio Football"
max_sport_3_hd,2025-10-19,17:15,2025-10-19 14:15:00,2025-10-19 16:15:00,"ПРЯКО, Ла Лига: Селта - Реал Сосиедад","LIVE, La Liga: Celta v Real Sociedad"
max_sport_3_hd,2025-10-19,19:15,2025-10-19 16:15:00,2025-10-19 16:30:00,"ПРЯКО, Студио Футбол","LIVE, Studio Football"
max_sport_3_hd,2025-10-19,19:30,2025-10-19 16:30:00,2025-10-19 18:30:00,"ПРЯКО, Ла Лига: Леванте - Райо Валекано","LIVE, La Liga: Levante - Rayo Vallecano"
max_sport_3_hd,2025-10-19,21:30,2025-10-19 18:30:00,2025-10-19 19:00:00,"ПРЯКО, Студио Футбол","LIVE, Studio Football"
max_sport_3_hd,2025-10-19,22:00,2025-10-19 19:00:00,2025-10-19 20:00:00,"ПРЯКО, Ла Лига: Хетафе - Реал Мадрид","LIVE, La Liga: Getafe v Real Madrid"
max_sport_4_hd,2025-10-20,00:35,2025-10-19 21:35:00,2025-10-19 21:50:00,Зала на славата: Чавдар Цветков,Hall of Fame: Chavdar Tsvetkov
max_sport_4_hd,2025-10-20,00:50,2025-10-19 21:50:00,2025-10-19 22:00:00,Спортни новини,Sports news
max_sport_4_hd,2025-10-20,01:00,2025-10-19 22:00:00,2025-10-19 23:50:00,"Волейбол: Марица - Левски София, среща от Националната волейболна Демакс+ лига /жени/","Volleyball: Maritsa - Levski Sofia, match from the National Volleyball Demax+ League /women/"
max_sport_4_hd,2025-10-20,02:50,2025-10-19 23:50:00,2025-10-20 00:45:00,Късметът на Слевин,Slevin's luck
max_sport_4_hd,2025-10-20,03:45,2025-10-20 00:45:00,2025-10-20 00:55:00,Спортни новини,Sports news
max_sport_4_hd,2025-10-20,03:55,2025-10-20 00:55:00,2025-10-20 01:40:00,"Конен спорт: Лига на нациите, финал",Equestrian: Nations League Final
max_sport_4_hd,2025-10-20,04:40,2025-10-20 01:40:00,2025-10-20 02:35:00,FIA Extreme H Световна купа,FIA Extreme H World Cup
max_sport_4_hd,2025-10-20,05:35,2025-10-20 02:35:00,2025-10-20 02:35:00,Monster Jam - автомобилно шоу,Monster Jam - Car Show
max_sport_4_hd,2025-10-20,05:35,2025-10-20 02:35:00,2025-10-20 03:00:00,Световно шахматно шоу,World Chess Show
max_sport_4_hd,2025-10-20,06:00,2025-10-20 03:00:00,2025-10-20 04:40:00,"Конен спорт: Лига на нациите, финал",Equestrian: Nations League Final
max_sport_4_hd,2025-10-20,07:40,2025-10-20 04:40:00,2025-10-20 05:05:00,Спортсмакс,Sportsmax
max_sport_4_hd,2025-10-20,08:05,2025-10-20 05:05:00,2025-10-20 05:50:00,Арена спорт,Arena sport
max_sport_4_hd,2025-10-20,08:50,2025-10-20 05:50:00,2025-10-20 06:05:00,Зала на славата: Чавдар Цветков,Hall of Fame: Chavdar Tsvetkov
max_sport_4_hd,2025-10-20,09:05,2025-10-20 06:05:00,2025-10-20 08:35:00,Световна купа по скокове на батут,Trampoline World Cup
max_sport_4_hd,2025-10-20,11:35,2025-10-20 08:35:00,2025-10-20 09:35:00,FIA Extreme H Световна купа,FIA Extreme H World Cup
max_sport_4_hd,2025-10-20,12:35,2025-10-20 09:35:00,2025-10-20 10:40:00,Световно първенство по модерен петобой,Modern Pentathlon World Championship
max_sport_4_hd,2025-10-20,13:40,2025-10-20 10:40:00,2025-10-20 10:45:00,Спортни новини,Sports news
max_sport_4_hd,2025-10-20,13:45,2025-10-20 10:45:00,2025-10-20 11:10:00,Monster Jam - автомобилно шоу,Monster Jam - Car Show
max_sport_4_hd,2025-10-20,14:10,2025-10-20 11:10:00,2025-10-20 13:00:00,"Волейбол: Марица - Левски София, среща от Националната волейболна Демакс+ лига /жени/","Volleyball: Maritsa - Levski Sofia, match from the National Volleyball Demax+ League /women/"
max_sport_4_hd,2025-10-20,16:00,2025-10-20 13:00:00,2025-10-20 13:45:00,Арена спорт,Arena sport
max_sport_4_hd,2025-10-20,16:45,2025-10-20 13:45:00,2025-10-20 14:00:00,Зала на славата: Чавдар Цветков,Hall of Fame: Chavdar Tsvetkov
max_sport_4_hd,2025-10-20,17:00,2025-10-20 14:00:00,2025-10-20 14:15:00,Телепазарен прозорец,Telemarketing window
max_sport_4_hd,2025-10-20,17:15,2025-10-20 14:15:00,2025-10-20 15:15:00,Последният печели,The last one wins
max_sport_4_hd,2025-10-20,18:15,2025-10-20 15:15:00,2025-10-20 16:10:00,Живот в хватката на Щръпци,Life in the grip of Shtrptsi
max_sport_4_hd,2025-10-20,19:10,2025-10-20 16:10:00,2025-10-20 17:05:00,Ветроходство: Гран при на Сен Тропе,Sailing: Grand Prix of Saint Tropez
max_sport_4_hd,2025-10-20,20:05,2025-10-20 17:05:00,2025-10-20 17:35:00,В ритъма на града,In the rhythm of the city
max_sport_4_hd,2025-10-20,20:35,2025-10-20 17:35:00,2025-10-20 18:20:00,Имате среща с... Диана Любенова,You have a meeting with... Diana Lyubenova
max_sport_4_hd,2025-10-20,21:20,2025-10-20 18:20:00,2025-10-20 18:50:00,FEI Конен спорт,FEI Equestrian
max_sport_4_hd,2025-10-20,21:50,2025-10-20 18:50:00,2025-10-20 19:00:00,Спортни новини,Sports news
max_sport_4_hd,2025-10-20,22:00,2025-10-20 19:00:00,2025-10-20 19:50:00,Забравени от Бога 3,Forgotten by God 3
max_sport_4_hd,2025-10-20,22:50,2025-10-20 19:50:00,2025-10-20 20:50:00,FIA Extreme H Световна купа,FIA Extreme H World Cup
max_sport_4_hd,2025-10-20,23:50,2025-10-20 20:50:00,2025-10-20 21:50:00,Автомобилизъм: GT World Challenge Europe - състезание за издръжливост,Motoring: GT World Challenge Europe - an endurance race
bnt_3,2025-10-20,00:00,2025-10-19 21:00:00,2025-10-19 22:00:00,"Шотландия, Висша лига /п./","Scotland, Premier League /p./"
bnt_3,2025-10-20,01:00,2025-10-19 22:00:00,2025-10-20 03:00:00,УЕФА Шампионска лига / УЕФА Лига Европа / Лига на конференциите /п./,UEFA Champions League / UEFA Europa League / Conference League /p./
bnt_3,2025-10-20,06:00,2025-10-20 03:00:00,2025-10-20 05:00:00,Великите спортни постижения през последния век - документална поредица,The great sporting achievements of the last century - a documentary series
bnt_3,2025-10-20,08:00,2025-10-20 05:00:00,2025-10-20 07:00:00,"УЕФА Лига Европа / Лига на конференциите - магазинно предаване, обзори","UEFA Europa League / Conference League - shop show, reviews"
bnt_3,2025-10-20,10:00,2025-10-20 07:00:00,2025-10-20 09:00:00,УЕФА Шампионска лига - обзори,UEFA Champions League - reviews
bnt_3,2025-10-20,12:00,2025-10-20 09:00:00,2025-10-20 11:00:00,"Нидерландия, Ередивизии: ПСВ Айндховен - Гоу Ахед Ийгълс, 9.кр","Netherlands, Eredivisie: PSV Eindhoven - Go Ahed Iigls, 9.kr"
bnt_3,2025-10-20,14:00,2025-10-20 11:00:00,2025-10-20 13:00:00,"Нидерландия, Ередивизии: Аякс - АЗ Алкмаар, 9.кр","Netherlands, Eredivisie: Ajax - AZ Alkmaar, 9.kr"
bnt_3,2025-10-20,16:00,2025-10-20 13:00:00,2025-10-20 15:00:00,"Нидерландия, Ередивизии: Хераклес - Фейенорд,9.кр","Netherlands, Eredivisie: Heracles - Feyenoord, 9.kr"
bnt_3,2025-10-20,18:00,2025-10-20 15:00:00,2025-10-20 17:00:00,"Шотландия, Висша лига: Дънди - Селтик, 8.кр","Scotland, Premier League: Dundee - Celtic, 8.kr"
bnt_3,2025-10-20,20:00,2025-10-20 17:00:00,2025-10-20 17:30:00,"Шотландия, Висша лига - обзор 8.кр","Scotland, Premier League - overview 8.cr"
bnt_3,2025-10-20,20:30,2025-10-20 17:30:00,2025-10-20 18:30:00,УЕФА Лига Европа / Лига на конференциите - магазинно предаване,UEFA Europa League / Conference League - shop broadcast
bnt_3,2025-10-20,21:30,2025-10-20 18:30:00,2025-10-20 19:00:00,УЕФА Шампионска лига - магазинно предаване,UEFA Champions League - shop show
bnt_3,2025-10-20,22:00,2025-10-20 19:00:00,2025-10-20 20:00:00,Бойни вечери,Battle nights
ring,2025-10-20,01:00,2025-10-19 22:00:00,2025-10-19 23:00:00,Чарлтън Атлетик - Шефилд Уензди,Charlton Athletic - Sheffield Wednesday
ring,2025-10-20,02:00,2025-10-19 23:00:00,2025-10-20 00:00:00,Еротичен Телепазар,Erotic Telemarket
ring,2025-10-20,03:00,2025-10-20 00:00:00,2025-10-20 03:45:00,Еротичен Телепазар,Erotic Telemarket
ring,2025-10-20,06:45,2025-10-20 03:45:00,2025-10-20 05:45:00,Хъдърсфийлд Таун - Болтън Уондърърс,Huddersfield Town - Bolton Wanderers
ring,2025-10-20,08:45,2025-10-20 05:45:00,2025-10-20 07:45:00,Мидълзбро - Ипсуич Таун,Middlesbrough - Ipswich Town
ring,2025-10-20,10:45,2025-10-20 07:45:00,2025-10-20 09:45:00,Куинс Парк Рейнджърс - Милуол,Queens Park Rangers - Millwall
ring,2025-10-20,12:45,2025-10-20 09:45:00,2025-10-20 11:45:00,Чарлтън Атлетик - Шефилд Уензди,Charlton Athletic - Sheffield Wednesday
ring,2025-10-20,14:45,2025-10-20 11:45:00,2025-10-20 13:45:00,АЕК - ПАОК,AEK - PAOK
ring,2025-10-20,16:45,2025-10-20 13:45:00,2025-10-20 16:00:00,Aл Уахда - Ал Духаил,Al Wahda - Al Duhail
ring,2025-10-20,19:00,2025-10-20 16:00:00,2025-10-20 17:55:00,Ал Шарджа - Трактор,Al Sharjah - Tractor
ring,2025-10-20,20:55,2025-10-20 17:55:00,2025-10-20 18:00:00,Новини,News
ring,2025-10-20,21:00,2025-10-20 18:00:00,2025-10-20 18:30:00,Чемпиъншип: Обзор,Championship: Overview
ring,2025-10-20,21:30,2025-10-20 18:30:00,2025-10-20 19:00:00,Пета четвърт,Fifth quarter
ring,2025-10-20,22:00,2025-10-20 19:00:00,2025-10-20 20:00:00,ONE Петъчни битки 129,ONE Friday Fights 129
nova_sport,2025-10-20,01:00,2025-10-19 22:00:00,2025-10-19 22:00:00,"Колоездене: Тур дьо Франс, десети етап, мъже, повторение","Cycling: Tour de France, stage ten, men, replay"
nova_sport,2025-10-20,01:00,2025-10-19 22:00:00,2025-10-19 22:45:00,"Колоездене: Тур дьо Франс, етап 16, мъже, повторение",Cycling: Tour de France stage 16 men's replay
nova_sport,2025-10-20,01:45,2025-10-19 22:45:00,2025-10-19 22:45:00,"Колоездене: Тур дьо Франс, етап 15, мъже, повторение",Cycling: Tour de France stage 15 men's replay
nova_sport,2025-10-20,01:45,2025-10-19 22:45:00,2025-10-19 23:30:00,"Колоездене: Тур дьо Франс, осми етап, жени, повторение","Cycling: Tour de France, stage eight, women, replay"
nova_sport,2025-10-20,02:30,2025-10-19 23:30:00,2025-10-19 23:30:00,"Снукър: Северна Ирландия оупън, първи кръг, повторение",Snooker: Northern Ireland Open first round replay
nova_sport,2025-10-20,02:30,2025-10-19 23:30:00,2025-10-20 01:00:00,"Снукър: Северна Ирландия оупън, първи кръг, повторение",Snooker: Northern Ireland Open first round replay
nova_sport,2025-10-20,04:00,2025-10-20 01:00:00,2025-10-20 01:00:00,"Колоездене: Тур дьо Франс, десети етап, мъже, повторение","Cycling: Tour de France, stage ten, men, replay"
nova_sport,2025-10-20,04:00,2025-10-20 01:00:00,2025-10-20 02:00:00,"Колоездене: Тур дьо Франс, етап 16, мъже, повторение",Cycling: Tour de France stage 16 men's replay
nova_sport,2025-10-20,05:00,2025-10-20 02:00:00,2025-10-20 02:00:00,"Колоездене: Тур дьо Франс, етап 15, мъже, повторение",Cycling: Tour de France stage 15 men's replay
nova_sport,2025-10-20,05:00,2025-10-20 02:00:00,2025-10-20 03:00:00,"Колоездене: Тур дьо Франс, осми етап, жени, повторение","Cycling: Tour de France, stage eight, women, replay"
nova_sport,2025-10-20,06:00,2025-10-20 03:00:00,2025-10-20 05:00:00,"Снукър: Северна Ирландия оупън, първи кръг, повторение",Snooker: Northern Ireland Open first round replay
nova_sport,2025-10-20,08:00,2025-10-20 05:00:00,2025-10-20 06:30:00,"Ски алпийски дисциплини: Световен шампионат в Заалбах Хинтерглем, паралелен гигантски слалом, повторение",Alpine Skiing: Saalbach Hinterglemm World Championships Parallel Giant Slalom Repeat
nova_sport,2025-10-20,09:30,2025-10-20 06:30:00,2025-10-20 08:00:00,"Лека атлетика: Маратон на Амстердам, повторение",Athletics: Amsterdam Marathon repeat
nova_sport,2025-10-20,11:00,2025-10-20 08:00:00,2025-10-20 10:00:00,"Конен спорт: Световен тур на шампионите, турнир Мохамед VI, прескачане на препятствия, повторение","Equestrian: World Tour of Champions, Mohammed VI Tournament, Show Jumping, Repeat"
nova_sport,2025-10-20,13:00,2025-10-20 10:00:00,2025-10-20 12:00:00,"Снукър: Северна Ирландия оупън, първи кръг, повторение",Snooker: Northern Ireland Open first round replay
nova_sport,2025-10-20,15:00,2025-10-20 12:00:00,2025-10-20 16:00:00,"Снукър: Северна Ирландия оупън, първи кръг, директно","Snooker: Northern Ireland Open, first round, direct"
nova_sport,2025-10-20,19:00,2025-10-20 16:00:00,2025-10-20 16:30:00,"Трейл: Голдън Трейл световни серии, Трентино, повторение","Trail: Golden Trail World Series, Trentino, replay"
nova_sport,2025-10-20,19:30,2025-10-20 16:30:00,2025-10-20 17:00:00,"Лека атлетика: Маратон на Амстердам, повторение",Athletics: Amsterdam Marathon repeat
nova_sport,2025-10-20,20:00,2025-10-20 17:00:00,2025-10-20 18:00:00,"Снукър: Северна Ирландия оупън, първи кръг, повторение",Snooker: Northern Ireland Open first round replay
nova_sport,2025-10-20,21:00,2025-10-20 18:00:00,2025-10-20 19:00:00,"Снукър: Северна Ирландия оупън, първи кръг, директно","Snooker: Northern Ireland Open, first round, direct"
eurosport_1,2025-10-20,01:00,2025-10-19 22:00:00,2025-10-19 22:00:00,"Снукър: Северна Ирландия оупън, първи кръг, повторение",Snooker: Northern Ireland Open first round replay
eurosport_1,2025-10-20,01:00,2025-10-19 22:00:00,2025-10-19 23:30:00,"Снукър: Северна Ирландия оупън, първи кръг, повторение",Snooker: Northern Ireland Open first round replay
eurosport_1,2025-10-20,02:30,2025-10-19 23:30:00,2025-10-19 23:30:00,"Колоездене: Тур дьо Франс, десети етап, мъже, повторение","Cycling: Tour de France, stage ten, men, replay"
eurosport_1,2025-10-20,02:30,2025-10-19 23:30:00,2025-10-20 00:15:00,"Колоездене: Тур дьо Франс, етап 16, мъже, повторение",Cycling: Tour de France stage 16 men's replay
eurosport_1,2025-10-20,03:15,2025-10-20 00:15:00,2025-10-20 00:15:00,"Колоездене: Тур дьо Франс, етап 15, мъже, повторение",Cycling: Tour de France stage 15 men's replay
eurosport_1,2025-10-20,03:15,2025-10-20 00:15:00,2025-10-20 01:00:00,"Колоездене: Тур дьо Франс, осми етап, жени, повторение","Cycling: Tour de France, stage eight, women, replay"
eurosport_1,2025-10-20,04:00,2025-10-20 01:00:00,2025-10-20 01:00:00,"Снукър: Северна Ирландия оупън, първи кръг, повторение",Snooker: Northern Ireland Open first round replay
eurosport_1,2025-10-20,04:00,2025-10-20 01:00:00,2025-10-20 03:00:00,"Снукър: Северна Ирландия оупън, първи кръг, повторение",Snooker: Northern Ireland Open first round replay
eurosport_1,2025-10-20,06:00,2025-10-20 03:00:00,2025-10-20 04:00:00,"Колоездене: Тур дьо Франс, десети етап, мъже, повторение","Cycling: Tour de France, stage ten, men, replay"
eurosport_1,2025-10-20,07:00,2025-10-20 04:00:00,2025-10-20 05:00:00,"Колоездене: Тур дьо Франс, етап 15, мъже, повторение",Cycling: Tour de France stage 15 men's replay
eurosport_1,2025-10-20,08:00,2025-10-20 05:00:00,2025-10-20 06:30:00,"Снукър: Северна Ирландия оупън, първи кръг, повторение",Snooker: Northern Ireland Open first round replay
eurosport_1,2025-10-20,09:30,2025-10-20 06:30:00,2025-10-20 08:00:00,"Ски алпийски дисциплини: Световен шампионат в Заалбах Хинтерглем, паралелен гигантски слалом, повторение",Alpine Skiing: Saalbach Hinterglemm World Championships Parallel Giant Slalom Repeat
eurosport_1,2025-10-20,11:00,2025-10-20 08:00:00,2025-10-20 10:00:00,"Снукър: Северна Ирландия оупън, първи кръг, повторение",Snooker: Northern Ireland Open first round replay
eurosport_1,2025-10-20,13:00,2025-10-20 10:00:00,2025-10-20 11:00:00,"Триатлон: PTO Тур в Уолонгонг, повторение","Triathlon: PTO Tour of Walongong, repeat"
eurosport_1,2025-10-20,14:00,2025-10-20 11:00:00,2025-10-20 12:30:00,"Лека атлетика: Маратон на Амстердам, повторение",Athletics: Amsterdam Marathon repeat
eurosport_1,2025-10-20,15:30,2025-10-20 12:30:00,2025-10-20 14:00:00,"Колоездене: Обиколка на Холандия, пети етап, мъже, повторение","Cycling: Tour of the Netherlands, stage five, men, repeat"
eurosport_1,2025-10-20,17:00,2025-10-20 14:00:00,2025-10-20 15:00:00,"Колоездене: Тур дьо Франс, десети етап, мъже, повторение","Cycling: Tour de France, stage ten, men, replay"
eurosport_1,2025-10-20,18:00,2025-10-20 15:00:00,2025-10-20 16:00:00,"Колоездене: Тур дьо Франс, етап 15, мъже, повторение",Cycling: Tour de France stage 15 men's replay
eurosport_1,2025-10-20,19:00,2025-10-20 16:00:00,2025-10-20 18:00:00,"Триатлон: PTO Тур в Уолонгонг, повторение","Triathlon: PTO Tour of Walongong, repeat"
eurosport_1,2025-10-20,21:00,2025-10-20 18:00:00,2025-10-20 19:30:00,"Конен спорт: Световен тур на шампионите, турнир Мохамед VI, прескачане на препятствия, повторение","Equestrian: World Tour of Champions, Mohammed VI Tournament, Show Jumping, Repeat"
eurosport_1,2025-10-20,22:30,2025-10-20 19:30:00,2025-10-20 20:30:00,"Колоездене: Обиколка на Холандия, пети етап, мъже, повторение","Cycling: Tour of the Netherlands, stage five, men, repeat"
eurosport_1,2025-10-20,23:30,2025-10-20 20:30:00,2025-10-20 21:30:00,"Лека атлетика: Маратон на Амстердам, повторение",Athletics: Amsterdam Marathon repeat
eurosport_2,2025-10-20,00:30,2025-10-19 21:30:00,2025-10-20 04:00:00,Локомотив Пловдив - Ботев Враца,Locomotive Plovdiv - Botev Vratsa
eurosport_2,2025-10-20,07:00,2025-10-20 04:00:00,2025-10-20 06:00:00,Добруджа - ЦСКА,Dobruja - CSKA
eurosport_2,2025-10-20,09:00,2025-10-20 06:00:00,2025-10-20 08:00:00,Черно море - Левски,Black Sea - Levski
eurosport_2,2025-10-20,11:00,2025-10-20 08:00:00,2025-10-20 10:00:00,Локомотив София - ЦСКА 1948,Lokomotiv Sofia - CSKA 1948
eurosport_2,2025-10-20,13:00,2025-10-20 10:00:00,2025-10-20 12:00:00,Локомотив Пловдив - Ботев Враца,Locomotive Plovdiv - Botev Vratsa
eurosport_2,2025-10-20,15:00,2025-10-20 12:00:00,2025-10-20 14:00:00,Янтра - Локомотив Горна Оряховица,Yantra - Locomotive Gorna Oryahovitsa
eurosport_2,2025-10-20,17:00,2025-10-20 14:00:00,2025-10-20 14:30:00,Студио efbet Лига футбол,Studio efbet League football
eurosport_2,2025-10-20,17:30,2025-10-20 14:30:00,2025-10-20 16:25:00,Арда - Септември,Arda - September
eurosport_2,2025-10-20,19:25,2025-10-20 16:25:00,2025-10-20 17:00:00,Студио efbet Лига футбол,Studio efbet League football
eurosport_2,2025-10-20,20:00,2025-10-20 17:00:00,2025-10-20 18:55:00,Берое - Монтана,Beroe - Montana
eurosport_2,2025-10-20,21:55,2025-10-20 18:55:00,2025-10-20 19:15:00,Студио efbet Лига футбол,Studio efbet League football
eurosport_2,2025-10-20,22:15,2025-10-20 19:15:00,2025-10-20 20:15:00,efbet Лига: Обзор на кръга,efbet League: Round Overview
eurosport_2,2025-10-20,23:15,2025-10-20 20:15:00,2025-10-20 21:15:00,България U21 - Чехия U21,Bulgaria U21 - Czech Republic U21
diema_sport,2025-10-20,00:15,2025-10-19 21:15:00,2025-10-19 23:00:00,Арис - Панатинайкос,Aris - Panathinaikos
diema_sport,2025-10-20,02:00,2025-10-19 23:00:00,2025-10-19 23:15:00,Реал Мадрид - Бургос,Real Madrid - Burgos
diema_sport,2025-10-20,02:15,2025-10-19 23:15:00,2025-10-20 03:30:00,Пари Сен Жермен - Страсбург,Paris Saint-Germain - Strasbourg
diema_sport,2025-10-20,06:30,2025-10-20 03:30:00,2025-10-20 05:30:00,Кристъл Палас - Борнемут,Crystal Palace - Bournemouth
diema_sport,2025-10-20,08:30,2025-10-20 05:30:00,2025-10-20 07:30:00,Съндърланд - Уулвърхямптън Уондърърс,Sunderland - Wolverhampton Wanderers
diema_sport,2025-10-20,10:30,2025-10-20 07:30:00,2025-10-20 09:30:00,Ливърпул - Манчестър Юнайтед,Liverpool - Manchester United
diema_sport,2025-10-20,12:30,2025-10-20 09:30:00,2025-10-20 11:30:00,Брайтън & Хоув Албиън -  Нюкасъл Юнайтед,Brighton & Hove Albion - Newcastle United
diema_sport,2025-10-20,14:30,2025-10-20 11:30:00,2025-10-20 13:30:00,Фулъм - Арсенал,Fulham - Arsenal
diema_sport,2025-10-20,16:30,2025-10-20 13:30:00,2025-10-20 15:30:00,Тотнъм Хотспър - Астън Вила,Tottenham Hotspur - Aston Villa
diema_sport,2025-10-20,18:30,2025-10-20 15:30:00,2025-10-20 17:30:00,Манчестър Сити - Евертън,Manchester City - Everton
diema_sport,2025-10-20,20:30,2025-10-20 17:30:00,2025-10-20 18:30:00,Неделен обзор на Английската висша лига,Sunday overview of the English Premier League
diema_sport,2025-10-20,21:30,2025-10-20 18:30:00,2025-10-20 19:00:00,Студио Висша лига,Premier League Studio
diema_sport,2025-10-20,22:00,2025-10-20 19:00:00,2025-10-20 20:55:00,Уест Хям Юнайтед - Брентфорд,West Ham United - Brentford
diema_sport,2025-10-20,23:55,2025-10-20 20:55:00,2025-10-20 21:55:00,Студио Висша лига,Premier League Studio
diema_sport_2,2025-10-20,01:00,2025-10-19 22:00:00,2025-10-19 22:15:00,Волейбол - Суперкупа'25: Финал,Volleyball - Super Cup'25: Final
diema_sport_2,2025-10-20,01:15,2025-10-19 22:15:00,2025-10-20 00:15:00,ATP 500: Базел,ATP 500: Basel
diema_sport_2,2025-10-20,03:15,2025-10-20 00:15:00,2025-10-20 01:00:00,ATP 500: Базел,ATP 500: Basel
diema_sport_2,2025-10-20,04:00,2025-10-20 01:00:00,2025-10-20 02:30:00,Евролига: Баскония - Партизан Баскония - Партизан,Euroleague: Baskonia - Partizan Baskonia - Partizan
diema_sport_2,2025-10-20,05:30,2025-10-20 02:30:00,2025-10-20 03:00:00,Брейкпойнт Тенис токшоу,Breakpoint Tennis Talk Show
diema_sport_2,2025-10-20,06:00,2025-10-20 03:00:00,2025-10-20 05:00:00,Евролига: Анадолу Ефес - Панатинайкос Анадолу Ефес - Панатинайкос,Euroleague: Anadolu Efes - Panathinaikos Anadolu Efes - Panathinaikos
diema_sport_2,2025-10-20,08:00,2025-10-20 05:00:00,2025-10-20 06:30:00,Moto 3: Състезание за Голямата награда на Австралия Състезание за Голямата награда на Австралия,Moto 3: Australian Grand Prix Australian Grand Prix
diema_sport_2,2025-10-20,09:30,2025-10-20 06:30:00,2025-10-20 09:00:00,ATP 250: Брюксел Финал,ATP 250: Brussels Final
diema_sport_2,2025-10-20,12:00,2025-10-20 09:00:00,2025-10-20 11:30:00,ATP 250: Стокхолм Финал,ATP 250: Stockholm Final
diema_sport_2,2025-10-20,14:30,2025-10-20 11:30:00,2025-10-20 13:30:00,"ПРЯКО, ATP 500: Виена","LIVE, ATP 500: Vienna"
diema_sport_2,2025-10-20,16:30,2025-10-20 13:30:00,2025-10-20 15:30:00,"ПРЯКО, ATP 500: Виена","LIVE, ATP 500: Vienna"
diema_sport_2,2025-10-20,18:30,2025-10-20 15:30:00,2025-10-20 16:00:00,Trans World Sport,Trans World Sport
diema_sport_2,2025-10-20,19:00,2025-10-20 16:00:00,2025-10-20 17:00:00,Брейкпойнт Тенис токшоу,Breakpoint Tennis Talk Show
diema_sport_2,2025-10-20,20:00,2025-10-20 17:00:00,2025-10-20 18:15:00,Световен рали шампионат: Обзор на състезанието в Централна Европа Обзор на състезанието в Централна Европа,World Rally Championship: Overview of the race in Central Europe Overview of the race in Central Europe
diema_sport_2,2025-10-20,21:15,2025-10-20 18:15:00,2025-10-20 20:15:00,"ПРЯКО, ATP 500: Виена","LIVE, ATP 500: Vienna"
diema_sport_2,2025-10-20,23:15,2025-10-20 20:15:00,2025-10-20 21:15:00,ATP 500: Виена,ATP 500: Vienna
max_sport_1_hd,2025-10-20,01:30,2025-10-19 22:30:00,2025-10-19 23:00:00,Удар със стик,Strike with a stick
max_sport_1_hd,2025-10-20,02:00,2025-10-19 23:00:00,2025-10-19 23:30:00,"ПРЯКО, NHL: Ню Йорк Рейнджърс - Минесота Уайлд Ню Йорк Рейнджърс - Минесота Уайлд","LIVE, NHL: New York Rangers - Minnesota Wild New York Rangers - Minnesota Wild"
max_sport_1_hd,2025-10-20,02:30,2025-10-19 23:30:00,2025-10-20 02:00:00,NFL: Канзас Сити Чийфс - Лас Вегас Рейдърс Канзас Сити Чийфс - Лас Вегас Рейдърс,NFL: Kansas City Chiefs - Las Vegas Raiders Kansas City Chiefs - Las Vegas Raiders
max_sport_1_hd,2025-10-20,05:00,2025-10-20 02:00:00,2025-10-20 02:00:00,UFC Fight Night: де Ридер срещу Алън Рейнир де Ридер срещу Брендън Алън,UFC Fight Night: de Ridder vs. Allen Rainier de Ridder vs. Brendan Allen
max_sport_1_hd,2025-10-20,05:00,2025-10-20 02:00:00,2025-10-20 05:00:00,NFL:,NFL:
max_sport_1_hd,2025-10-20,08:00,2025-10-20 05:00:00,2025-10-20 06:00:00,Световен рали шампионат: Състезание в Централна Европа SS2 Golf und Therme 2,World Rally Championship: SS2 Golf und Therme 2 Central European Race
max_sport_1_hd,2025-10-20,09:00,2025-10-20 06:00:00,2025-10-20 07:00:00,Световен рали шампионат: Състезание в Централна Европа SS10 Keply 1,World Rally Championship: Race in Central Europe SS10 Keply 1
max_sport_1_hd,2025-10-20,10:00,2025-10-20 07:00:00,2025-10-20 08:00:00,Световен рали шампионат: Състезание в Централна Европа SS12 Keply 2,World Rally Championship: Race in Central Europe SS12 Keply 2
max_sport_1_hd,2025-10-20,11:00,2025-10-20 08:00:00,2025-10-20 09:00:00,Световен рали шампионат: Състезание в Централна Европа SS16 Muhltal 1,World Rally Championship: Race in Central Europe SS16 Muhltal 1
max_sport_1_hd,2025-10-20,12:00,2025-10-20 09:00:00,2025-10-20 10:30:00,Световен рали шампионат: Състезание в Централна Европа SS18 Muhltal 2 WOLF PS,World Rally Championship: Race in Central Europe SS18 Muhltal 2 WOLF PS
max_sport_1_hd,2025-10-20,13:30,2025-10-20 10:30:00,2025-10-20 11:30:00,Евролига: Обзор на 4 и 5 кръг Обзор 4 и 5 кръг,Euroleague: Overview of Round 4 and 5 Overview of Round 4 and 5
max_sport_1_hd,2025-10-20,14:30,2025-10-20 11:30:00,2025-10-20 14:00:00,NFL: Джаксънвил Джагуарс - Лос Анджелис Рамс Джаксънвил Джагуарс - Лос Анджелис Рамс,NFL: Jacksonville Jaguars - Los Angeles Rams Jacksonville Jaguars - Los Angeles Rams
max_sport_1_hd,2025-10-20,17:00,2025-10-20 14:00:00,2025-10-20 14:30:00,Голф: Golf's Best Amateurs Обзор на турнира,Golf: Golf's Best Amateurs Tournament Overview
max_sport_1_hd,2025-10-20,17:30,2025-10-20 14:30:00,2025-10-20 15:00:00,Удар със стик,Strike with a stick
max_sport_1_hd,2025-10-20,18:00,2025-10-20 15:00:00,2025-10-20 16:00:00,"ПРЯКО, Зона волей Токшоу","LIVE, Volley Zone Talkshow"
max_sport_1_hd,2025-10-20,19:00,2025-10-20 16:00:00,2025-10-20 16:15:00,"ПРЯКО, Студио Баскетбол","LIVE, Studio Basketball"
max_sport_1_hd,2025-10-20,19:15,2025-10-20 16:15:00,2025-10-20 18:30:00,"ПРЯКО, Sesame Национална баскетболна лига: Рилски Спортист - Черно море Рилски Спортист - Черно море","LIVE, Sesame National Basketball League: Rila Athlete - Black Sea Rila Athlete - Black Sea"
max_sport_1_hd,2025-10-20,21:30,2025-10-20 18:30:00,2025-10-20 20:30:00,"ПРЯКО, Ла Лига 2: Кадис - Бургос","LIVE, La Liga 2: Cadiz - Burgos"
max_sport_1_hd,2025-10-20,23:30,2025-10-20 20:30:00,2025-10-20 21:30:00,NHL: Ню Джърси Девилс - Едмънтън Ойлърс Ню Джърси Девилс - Едмънтън Ойлърс,NHL: New Jersey Devils - Edmonton Oilers New Jersey Devils - Edmonton Oilers
max_sport_2_hd,2025-10-20,00:00,2025-10-19 21:00:00,2025-10-19 22:00:00,УЕФА Лига Европа и Лига на конференциите Магазинно предаване,UEFA Europa League and Conference League Store broadcast
max_sport_2_hd,2025-10-20,01:00,2025-10-19 22:00:00,2025-10-19 22:45:00,Серия А: Комо - Ювентус,Serie A: Como - Juventus
max_sport_2_hd,2025-10-20,01:45,2025-10-19 22:45:00,2025-10-20 00:00:00,Серия А: Милан - Фиорентина,Serie A: Milan - Fiorentina
max_sport_2_hd,2025-10-20,03:00,2025-10-20 00:00:00,2025-10-20 01:00:00,Серия А: Аталанта - Лацио,Serie A: Atalanta - Lazio
max_sport_2_hd,2025-10-20,04:00,2025-10-20 01:00:00,2025-10-20 02:00:00,Мейджър Лийг Сокър:,Major League Soccer:
max_sport_2_hd,2025-10-20,05:00,2025-10-20 02:00:00,2025-10-20 04:00:00,Серия А: Милан - Фиорентина,Serie A: Milan - Fiorentina
max_sport_2_hd,2025-10-20,07:00,2025-10-20 04:00:00,2025-10-20 05:00:00,УЕФА Лига Европа и Лига на конференциите Магазинно предаване,UEFA Europa League and Conference League Store broadcast
max_sport_2_hd,2025-10-20,08:00,2025-10-20 05:00:00,2025-10-20 07:00:00,Серия А: Торино - Наполи,Serie A: Torino - Napoli
max_sport_2_hd,2025-10-20,10:00,2025-10-20 07:00:00,2025-10-20 09:00:00,Саудитска Професионална Лига: Ал Насър - Ал Фатех Ал Насър - Ал Фатех,Saudi Professional League: Al Nasser - Al Fateh Al Nasser - Al Fateh
max_sport_2_hd,2025-10-20,12:00,2025-10-20 09:00:00,2025-10-20 11:00:00,Серия А: Рома - Интер,Serie A: Roma - Inter
max_sport_2_hd,2025-10-20,14:00,2025-10-20 11:00:00,2025-10-20 12:00:00,УЕФА Лига Европа и Лига на конференциите Магазинно предаване,UEFA Europa League and Conference League Store broadcast
max_sport_2_hd,2025-10-20,15:00,2025-10-20 12:00:00,2025-10-20 14:00:00,"ПРЯКО, ATP 500: Базел","LIVE, ATP 500: Basel"
max_sport_2_hd,2025-10-20,17:00,2025-10-20 14:00:00,2025-10-20 16:00:00,"ПРЯКО, ATP 500: Базел","LIVE, ATP 500: Basel"
max_sport_2_hd,2025-10-20,19:00,2025-10-20 16:00:00,2025-10-20 18:00:00,Серия А: Комо - Ювентус,Serie A: Como - Juventus
max_sport_2_hd,2025-10-20,21:00,2025-10-20 18:00:00,2025-10-20 18:45:00,УЕФА Шампионска лига Магазинно предаване,UEFA Champions League Shop show
max_sport_2_hd,2025-10-20,21:45,2025-10-20 18:45:00,2025-10-20 20:45:00,"ПРЯКО, Серия А: Кремонезе - Удинезе",LIVE Serie A: Cremonese - Udinese
max_sport_2_hd,2025-10-20,23:45,2025-10-20 20:45:00,2025-10-20 21:45:00,Серия А: Аталанта - Лацио,Serie A: Atalanta - Lazio
max_sport_3_hd,2025-10-20,00:00,2025-10-19 21:00:00,2025-10-19 21:00:00,"ПРЯКО, Студио Футбол","LIVE, Studio Football"
max_sport_3_hd,2025-10-20,00:00,2025-10-19 21:00:00,2025-10-19 21:15:00,"ПРЯКО, Студио Футбол","LIVE, Studio Football"
max_sport_3_hd,2025-10-20,00:15,2025-10-19 21:15:00,2025-10-19 21:30:00,Ла Лига 2: Кадис - Бургос,La Liga 2: Cadiz - Burgos
max_sport_3_hd,2025-10-20,00:30,2025-10-19 21:30:00,2025-10-19 22:00:00,УЕФА Шампионска лига Магазинно предаване,UEFA Champions League Shop show
max_sport_3_hd,2025-10-20,01:00,2025-10-19 22:00:00,2025-10-19 23:00:00,"ПРЯКО, Мейджър Лийг Сокър:","LIVE, Major League Soccer:"
max_sport_3_hd,2025-10-20,02:00,2025-10-19 23:00:00,2025-10-20 00:00:00,Саудитска Професионална Лига: Ал Насър - Ал Фатех Ал Насър - Ал Фатех,Saudi Professional League: Al Nasser - Al Fateh Al Nasser - Al Fateh
max_sport_3_hd,2025-10-20,03:00,2025-10-20 00:00:00,2025-10-20 01:00:00,УЕФА Лига Европа и Лига на конференциите Магазинно предаване,UEFA Europa League and Conference League Store broadcast
max_sport_3_hd,2025-10-20,04:00,2025-10-20 01:00:00,2025-10-20 01:00:00,Голф: DP World India Championship,Голф: DP World India Championship
max_sport_3_hd,2025-10-20,04:00,2025-10-20 01:00:00,2025-10-20 05:00:00,Ла Лига: Атлетико Мадрид - Осасуна,La Liga: Atletico Madrid - Osasuna
max_sport_3_hd,2025-10-20,08:00,2025-10-20 05:00:00,2025-10-20 07:00:00,Ла Лига: Атлетико Мадрид - Осасуна,La Liga: Atletico Madrid - Osasuna
max_sport_3_hd,2025-10-20,10:00,2025-10-20 07:00:00,2025-10-20 09:00:00,Ла Лига: Селта - Реал Сосиедад,La Liga: Celta v Real Sociedad
max_sport_3_hd,2025-10-20,12:00,2025-10-20 09:00:00,2025-10-20 11:00:00,Ла Лига: Севиля - Майорка,La Liga: Sevilla - Mallorca
max_sport_3_hd,2025-10-20,14:00,2025-10-20 11:00:00,2025-10-20 13:00:00,Мейджър Лийг Сокър:,Major League Soccer:
max_sport_3_hd,2025-10-20,16:00,2025-10-20 13:00:00,2025-10-20 15:00:00,Ла Лига: Барселона - Жирона,La Liga: Barcelona - Girona
max_sport_3_hd,2025-10-20,18:00,2025-10-20 15:00:00,2025-10-20 17:00:00,Ла Лига: Хетафе - Реал Мадрид,La Liga: Getafe - Real Madrid
max_sport_3_hd,2025-10-20,20:00,2025-10-20 17:00:00,2025-10-20 18:30:00,"ПРЯКО, Пред Стадиона - спортно шоу Пред Стадиона - спортно шоу","LIVE, In front of the Stadium - sports show In front of the Stadium - sports show"
max_sport_3_hd,2025-10-20,21:30,2025-10-20 18:30:00,2025-10-20 19:00:00,"ПРЯКО, Студио Футбол","LIVE, Studio Football"
max_sport_3_hd,2025-10-20,22:00,2025-10-20 19:00:00,2025-10-20 20:00:00,"ПРЯКО, Ла Лига: Алавес - Валенсия","LIVE, La Liga: Alaves - Valencia"
max_sport_4_hd,2025-10-21,00:50,2025-10-20 21:50:00,2025-10-20 22:00:00,Спортни новини,Sports news
max_sport_4_hd,2025-10-21,01:00,2025-10-20 22:00:00,2025-10-21 00:45:00,Световно първенство по лека атлетика,World Championships in Athletics
max_sport_4_hd,2025-10-21,03:45,2025-10-21 00:45:00,2025-10-21 00:55:00,Спортни новини,Sports news
max_sport_4_hd,2025-10-21,03:55,2025-10-21 00:55:00,2025-10-21 02:35:00,"Конен спорт: Лига на нациите, финал",Equestrian: Nations League Final
max_sport_4_hd,2025-10-21,05:35,2025-10-21 02:35:00,2025-10-21 02:35:00,Световно шахматно шоу,World Chess Show
max_sport_4_hd,2025-10-21,05:35,2025-10-21 02:35:00,2025-10-21 03:00:00,Спортсмакс,Sportsmax
max_sport_4_hd,2025-10-21,06:00,2025-10-21 03:00:00,2025-10-21 06:55:00,Автомобилизъм: GT World Challenge Europe - състезание за издръжливост,Motoring: GT World Challenge Europe - an endurance race
max_sport_4_hd,2025-10-21,09:55,2025-10-21 06:55:00,2025-10-21 07:55:00,FIA Extreme H Световна купа,FIA Extreme H World Cup
max_sport_4_hd,2025-10-21,10:55,2025-10-21 07:55:00,2025-10-21 08:25:00,Спартан трифекта световен шампионат,Spartan Trifecta World Championship
max_sport_4_hd,2025-10-21,11:25,2025-10-21 08:25:00,2025-10-21 12:55:00,Световно първенство по лека атлетика,World Championships in Athletics
max_sport_4_hd,2025-10-21,15:55,2025-10-21 12:55:00,2025-10-21 13:50:00,Живот в хватката на Щръпци,Life in the grip of Shtrptsi
max_sport_4_hd,2025-10-21,16:50,2025-10-21 13:50:00,2025-10-21 14:05:00,Телепазарен прозорец,Telemarketing window
max_sport_4_hd,2025-10-21,17:05,2025-10-21 14:05:00,2025-10-21 15:05:00,Последният печели,The last one wins
max_sport_4_hd,2025-10-21,18:05,2025-10-21 15:05:00,2025-10-21 15:55:00,"По-добре грозно да пееш, отколкото красиво да плачеш",Better to sing ugly than to cry beautifully
max_sport_4_hd,2025-10-21,18:55,2025-10-21 15:55:00,2025-10-21 16:15:00,Зала на славата: Ина Ананиева,Hall of Fame: Ina Ananieva
max_sport_4_hd,2025-10-21,19:15,2025-10-21 16:15:00,2025-10-21 17:10:00,Ветроходство: Гран при на Женева,Sailing: Geneva Grand Prix
max_sport_4_hd,2025-10-21,20:10,2025-10-21 17:10:00,2025-10-21 18:00:00,С БНТ завинаги,With BNT forever
max_sport_4_hd,2025-10-21,21:00,2025-10-21 18:00:00,2025-10-21 18:50:00,Забравени от Бога 3,Forgotten by God 3
max_sport_4_hd,2025-10-21,21:50,2025-10-21 18:50:00,2025-10-21 19:00:00,Спортни новини,Sports news
max_sport_4_hd,2025-10-21,22:00,2025-10-21 19:00:00,2025-10-21 19:50:00,Забравени от Бога 3,Forgotten by God 3
max_sport_4_hd,2025-10-21,22:50,2025-10-21 19:50:00,2025-10-21 20:50:00,FIA Extreme H Световна купа,FIA Extreme H World Cup
bnt_3,2025-10-21,00:00,2025-10-20 21:00:00,2025-10-20 22:00:00,"Шотландия, Висша лига /п./","Scotland, Premier League /p./"
bnt_3,2025-10-21,01:00,2025-10-20 22:00:00,2025-10-21 03:00:00,"Португалия, Примейра лига /п./","Portugal, Primeira Liga /p./"
bnt_3,2025-10-21,06:00,2025-10-21 03:00:00,2025-10-21 05:00:00,Великите спортни постижения през последния век - документална поредица,The great sporting achievements of the last century - a documentary series
bnt_3,2025-10-21,08:00,2025-10-21 05:00:00,2025-10-21 07:00:00,УЕФА Шампионска лига: Барселона - ПСЖ,UEFA Champions League: Barcelona - PSG
bnt_3,2025-10-21,10:00,2025-10-21 07:00:00,2025-10-21 09:00:00,УЕФА Шампионска лига: Монако - Манчестър Сити,UEFA Champions League: Monaco - Manchester City
bnt_3,2025-10-21,12:00,2025-10-21 09:00:00,2025-10-21 11:00:00,УЕФА Шампионска лига: Арсенал - Олимпиакос,UEFA Champions League: Arsenal - Olympiakos
bnt_3,2025-10-21,14:00,2025-10-21 11:00:00,2025-10-21 13:00:00,"Нидерландия, Ередивизии: ПСВ Айндховен - Гоу Ахед Ийгълс, 9.кр","Netherlands, Eredivisie: PSV Eindhoven - Go Ahed Iigls, 9.kr"
bnt_3,2025-10-21,16:00,2025-10-21 13:00:00,2025-10-21 15:00:00,"Нидерландия, Ередивизии: Аякс - АЗ Алкмаар, 9.кр","Netherlands, Eredivisie: Ajax - AZ Alkmaar, 9.kr"
bnt_3,2025-10-21,18:00,2025-10-21 15:00:00,2025-10-21 17:00:00,"Нидерландия, Ередивизии: Хераклес - Фейенорд, 9.кр","Netherlands, Eredivisie: Heracles - Feyenoord, 9.kr"
bnt_3,2025-10-21,20:00,2025-10-21 17:00:00,2025-10-21 18:00:00,"Нидерландия, Ередивизии - обзор 9.кр","Netherlands, Eredivisie - review 9.kr"
bnt_3,2025-10-21,21:00,2025-10-21 18:00:00,2025-10-21 19:00:00,УЕФА Лига Европа / Лига на конференциите - магазинно предаване,UEFA Europa League / Conference League - shop broadcast
bnt_3,2025-10-21,22:00,2025-10-21 19:00:00,2025-10-21 20:00:00,Бойни вечери: UFC,Fight Nights: UFC
ring,2025-10-21,01:15,2025-10-20 22:15:00,2025-10-20 23:00:00,Ал Шорта - Ал Итихад,Al Shorta - Al Ittihad
ring,2025-10-21,02:00,2025-10-20 23:00:00,2025-10-21 00:15:00,Еротичен Телепазар,Erotic Telemarket
ring,2025-10-21,03:15,2025-10-21 00:15:00,2025-10-21 03:45:00,Еротичен Телепазар,Erotic Telemarket
ring,2025-10-21,06:45,2025-10-21 03:45:00,2025-10-21 05:45:00,Куинс Парк Рейнджърс - Милуол,Queens Park Rangers - Millwall
ring,2025-10-21,08:45,2025-10-21 05:45:00,2025-10-21 07:45:00,Ал Ахли - Ал Гарафа,Al Ahli - Al Garafa
ring,2025-10-21,10:45,2025-10-21 07:45:00,2025-10-21 10:00:00,Мелбърн Сити - Бурирам Юнайтед,Melbourne City - Buriram United
ring,2025-10-21,13:00,2025-10-21 10:00:00,2025-10-21 11:55:00,Ченгду Ронгченг - Джохор,Chengdu Rongcheng - Johor
ring,2025-10-21,14:55,2025-10-21 11:55:00,2025-10-21 12:00:00,Новини,News
ring,2025-10-21,15:00,2025-10-21 12:00:00,2025-10-21 12:30:00,Мото Спорт Xtra,Moto Sport Xtra
ring,2025-10-21,15:30,2025-10-21 12:30:00,2025-10-21 13:00:00,Квалификации за Световно първенство 2026: Обзор,2026 World Cup Qualifiers: Overview
ring,2025-10-21,16:00,2025-10-21 13:00:00,2025-10-21 13:45:00,Чемпиъншип: Обзор,Championship: Overview
ring,2025-10-21,16:45,2025-10-21 13:45:00,2025-10-21 16:00:00,Ахал - Сепахан,People - Sepahan
ring,2025-10-21,19:00,2025-10-21 16:00:00,2025-10-21 17:55:00,Шабаб Ал Ахли - Насаф,Shabab Al Ahli - Nasaf
ring,2025-10-21,20:55,2025-10-21 17:55:00,2025-10-21 18:15:00,Новини,News
ring,2025-10-21,21:15,2025-10-21 18:15:00,2025-10-21 20:15:00,Ал Хилал - Ал Сад,Al Hilal - Al Sadd
ring,2025-10-21,23:15,2025-10-21 20:15:00,2025-10-21 21:15:00,Чарлтън Атлетик - Шефилд Уензди,Charlton Athletic - Sheffield Wednesday
nova_sport,2025-10-21,01:00,2025-10-20 22:00:00,2025-10-20 22:00:00,"Колоездене: Тур дьо Франс, етап 16, мъже, повторение",Cycling: Tour de France stage 16 men's replay
nova_sport,2025-10-21,01:00,2025-10-20 22:00:00,2025-10-20 22:45:00,"Триатлон: PTO Тур в Уолонгонг, повторение","Triathlon: PTO Tour of Walongong, repeat"
nova_sport,2025-10-21,01:45,2025-10-20 22:45:00,2025-10-20 23:00:00,"Колоездене: Тур дьо Франс, осми етап, жени, повторение","Cycling: Tour de France, stage eight, women, replay"
nova_sport,2025-10-21,02:00,2025-10-20 23:00:00,2025-10-20 23:30:00,"Колоездене: Тур дьо Франс, етап 21, мъже, повторение",Cycling: Tour de France stage 21 men's replay
nova_sport,2025-10-21,02:30,2025-10-20 23:30:00,2025-10-20 23:30:00,"Снукър: Северна Ирландия оупън, първи кръг, повторение",Snooker: Northern Ireland Open first round replay
nova_sport,2025-10-21,02:30,2025-10-20 23:30:00,2025-10-21 01:00:00,"Снукър: Северна Ирландия оупън, втори кръг, повторение",Snooker: Northern Ireland Open second round replay
nova_sport,2025-10-21,04:00,2025-10-21 01:00:00,2025-10-21 01:00:00,"Колоездене: Тур дьо Франс, етап 16, мъже, повторение",Cycling: Tour de France stage 16 men's replay
nova_sport,2025-10-21,04:00,2025-10-21 01:00:00,2025-10-21 02:00:00,"Колоездене: Тур дьо Франс, етап 21, мъже, повторение",Cycling: Tour de France stage 21 men's replay
nova_sport,2025-10-21,05:00,2025-10-21 02:00:00,2025-10-21 02:00:00,"Колоездене: Тур дьо Франс, осми етап, жени, повторение","Cycling: Tour de France, stage eight, women, replay"
nova_sport,2025-10-21,05:00,2025-10-21 02:00:00,2025-10-21 03:00:00,"Колоездене: Тур дьо Франс, девети етап, жени, повторение",Cycling: Tour de France stage nine women replay
nova_sport,2025-10-21,06:00,2025-10-21 03:00:00,2025-10-21 05:00:00,"Снукър: Северна Ирландия оупън, първи кръг, повторение",Snooker: Northern Ireland Open first round replay
nova_sport,2025-10-21,08:00,2025-10-21 05:00:00,2025-10-21 06:30:00,"Ски алпийски дисциплини: Световен шампионат в Заалбах Хинтерглем, супер Г, мъже, повторение",Alpine Skiing: Saalbach Hinterglemm World Championships Super G Men's Repeat
nova_sport,2025-10-21,09:30,2025-10-21 06:30:00,2025-10-21 08:00:00,"Снукър: Северна Ирландия оупън, първи кръг, повторение",Snooker: Northern Ireland Open first round replay
nova_sport,2025-10-21,11:00,2025-10-21 08:00:00,2025-10-21 09:00:00,"Ски алпийски дисциплини: Световен шампионат в Заалбах Хинтерглем, супер Г, мъже, повторение",Alpine Skiing: Saalbach Hinterglemm World Championships Super G Men's Repeat
nova_sport,2025-10-21,12:00,2025-10-21 09:00:00,2025-10-21 10:00:00,"Ски алпийски дисциплини: Световен шампионат в Заалбах Хинтерглем, спускане, жени, повторение",Alpine Skiing: Saalbach Hinterglemm World Championships Downhill Women Repeat
nova_sport,2025-10-21,13:00,2025-10-21 10:00:00,2025-10-21 12:00:00,"Снукър: Северна Ирландия оупън, първи кръг, повторение",Snooker: Northern Ireland Open first round replay
nova_sport,2025-10-21,15:00,2025-10-21 12:00:00,2025-10-21 16:00:00,"Снукър: Северна Ирландия оупън, първи кръг, директно","Snooker: Northern Ireland Open, first round, direct"
nova_sport,2025-10-21,19:00,2025-10-21 16:00:00,2025-10-21 16:30:00,"Лека атлетика: Маратон на Амстердам, повторение",Athletics: Amsterdam Marathon repeat
nova_sport,2025-10-21,19:30,2025-10-21 16:30:00,2025-10-21 17:00:00,"Формула 1 на вода: Световен шампионат в Женгджоу, обзор","Formula 1 on water: World Championship in Zhengzhou, roundup"
nova_sport,2025-10-21,20:00,2025-10-21 17:00:00,2025-10-21 18:00:00,"Снукър: Северна Ирландия оупън, първи кръг, повторение",Snooker: Northern Ireland Open first round replay
nova_sport,2025-10-21,21:00,2025-10-21 18:00:00,2025-10-21 19:00:00,"Снукър: Северна Ирландия оупън, втори кръг, директно","Snooker: Northern Ireland Open, second round, direct"
eurosport_1,2025-10-21,01:00,2025-10-20 22:00:00,2025-10-20 22:00:00,"Снукър: Северна Ирландия оупън, първи кръг, повторение",Snooker: Northern Ireland Open first round replay
eurosport_1,2025-10-21,01:00,2025-10-20 22:00:00,2025-10-20 23:30:00,"Снукър: Северна Ирландия оупън, втори кръг, повторение",Snooker: Northern Ireland Open second round replay
eurosport_1,2025-10-21,02:30,2025-10-20 23:30:00,2025-10-20 23:30:00,"Колоездене: Тур дьо Франс, етап 16, мъже, повторение",Cycling: Tour de France stage 16 men's replay
eurosport_1,2025-10-21,02:30,2025-10-20 23:30:00,2025-10-21 00:15:00,"Колоездене: Тур дьо Франс, етап 21, мъже, повторение",Cycling: Tour de France stage 21 men's replay
eurosport_1,2025-10-21,03:15,2025-10-21 00:15:00,2025-10-21 00:15:00,"Колоездене: Тур дьо Франс, осми етап, жени, повторение","Cycling: Tour de France, stage eight, women, replay"
eurosport_1,2025-10-21,03:15,2025-10-21 00:15:00,2025-10-21 01:00:00,"Колоездене: Тур дьо Франс, девети етап, жени, повторение",Cycling: Tour de France stage nine women replay
eurosport_1,2025-10-21,04:00,2025-10-21 01:00:00,2025-10-21 01:00:00,"Снукър: Северна Ирландия оупън, първи кръг, повторение",Snooker: Northern Ireland Open first round replay
eurosport_1,2025-10-21,04:00,2025-10-21 01:00:00,2025-10-21 03:00:00,"Снукър: Северна Ирландия оупън, втори кръг, повторение",Snooker: Northern Ireland Open second round replay
eurosport_1,2025-10-21,06:00,2025-10-21 03:00:00,2025-10-21 04:00:00,"Колоездене: Тур дьо Франс, етап 16, мъже, повторение",Cycling: Tour de France stage 16 men's replay
eurosport_1,2025-10-21,07:00,2025-10-21 04:00:00,2025-10-21 05:00:00,"Колоездене: Тур дьо Франс, осми етап, жени, повторение","Cycling: Tour de France, stage eight, women, replay"
eurosport_1,2025-10-21,08:00,2025-10-21 05:00:00,2025-10-21 06:30:00,"Снукър: Северна Ирландия оупън, първи кръг, повторение",Snooker: Northern Ireland Open first round replay
eurosport_1,2025-10-21,09:30,2025-10-21 06:30:00,2025-10-21 08:00:00,"Ски алпийски дисциплини: Световен шампионат в Заалбах Хинтерглем, супер Г, мъже, повторение",Alpine Skiing: Saalbach Hinterglemm World Championships Super G Men's Repeat
eurosport_1,2025-10-21,11:00,2025-10-21 08:00:00,2025-10-21 10:00:00,"Снукър: Северна Ирландия оупън, първи кръг, повторение",Snooker: Northern Ireland Open first round replay
eurosport_1,2025-10-21,13:00,2025-10-21 10:00:00,2025-10-21 11:00:00,"Лека атлетика: Маратон на Амстердам, повторение",Athletics: Amsterdam Marathon repeat
eurosport_1,2025-10-21,14:00,2025-10-21 11:00:00,2025-10-21 12:00:00,"Колоездене: Обиколка на Холандия, пети етап, мъже, повторение","Cycling: Tour of the Netherlands, stage five, men, repeat"
eurosport_1,2025-10-21,15:00,2025-10-21 12:00:00,2025-10-21 13:00:00,"Колоездене: Тур дьо Франс, етап 16, мъже, повторение",Cycling: Tour de France stage 16 men's replay
eurosport_1,2025-10-21,16:00,2025-10-21 13:00:00,2025-10-21 14:00:00,"Колоездене: Тур дьо Франс, осми етап, жени, повторение","Cycling: Tour de France, stage eight, women, replay"
eurosport_1,2025-10-21,17:00,2025-10-21 14:00:00,2025-10-21 15:15:00,"Ски алпийски дисциплини: Световен шампионат в Заалбах Хинтерглем, супер Г, мъже, повторение",Alpine Skiing: Saalbach Hinterglemm World Championships Super G Men's Repeat
eurosport_1,2025-10-21,18:15,2025-10-21 15:15:00,2025-10-21 16:30:00,"Ски алпийски дисциплини: Световен шампионат в Заалбах Хинтерглем, спускане, жени, повторение",Alpine Skiing: Saalbach Hinterglemm World Championships Downhill Women Repeat
eurosport_1,2025-10-21,19:30,2025-10-21 16:30:00,2025-10-21 17:00:00,"Маунтинбайк: Световна купа в Маса Маритима, електрическо крос кънтри, обзор",Mountainbike: Massa Marittima Electric Cross Country World Cup Overview
eurosport_1,2025-10-21,20:00,2025-10-21 17:00:00,2025-10-21 18:00:00,"Триатлон: PTO Тур в Уолонгонг, обзор",Triathlon: PTO Tour of Walongong Review
eurosport_1,2025-10-21,21:00,2025-10-21 18:00:00,2025-10-21 19:00:00,"Ски алпийски дисциплини: Световен шампионат в Заалбах Хинтерглем, супер Г, мъже, повторение",Alpine Skiing: Saalbach Hinterglemm World Championships Super G Men's Repeat
eurosport_1,2025-10-21,22:00,2025-10-21 19:00:00,2025-10-21 19:30:00,"Маунтинбайк: Световна купа в Маса Маритима, електрическо крос кънтри, обзор",Mountainbike: Massa Marittima Electric Cross Country World Cup Overview
eurosport_1,2025-10-21,22:30,2025-10-21 19:30:00,2025-10-21 20:30:00,"Колоездене: Тур дьо Франс, обзор, мъже, повторение",Cycling: Tour de France overview men replay
eurosport_1,2025-10-21,23:30,2025-10-21 20:30:00,2025-10-21 21:30:00,"Колоездене: Обиколка на Холандия, пети етап, мъже, повторение","Cycling: Tour of the Netherlands, stage five, men, repeat"
eurosport_2,2025-10-21,02:00,2025-10-20 23:00:00,2025-10-21 00:00:00,efbet Лига: Обзор на кръга,efbet League: Round Overview
eurosport_2,2025-10-21,03:00,2025-10-21 00:00:00,2025-10-21 00:30:00,Головете на кръга,The goals of the round
eurosport_2,2025-10-21,03:30,2025-10-21 00:30:00,2025-10-21 04:00:00,Героите на кръга,The heroes of the circle
eurosport_2,2025-10-21,07:00,2025-10-21 04:00:00,2025-10-21 06:00:00,Арда - Септември,Arda - September
eurosport_2,2025-10-21,09:00,2025-10-21 06:00:00,2025-10-21 08:00:00,Берое - Монтана,Beroe - Montana
eurosport_2,2025-10-21,11:00,2025-10-21 08:00:00,2025-10-21 10:00:00,Ботев Пловдив - Славия,Botev Plovdiv - Slavia
eurosport_2,2025-10-21,13:00,2025-10-21 10:00:00,2025-10-21 12:00:00,Лудогорец - Спартак Варна,Ludogorets - Spartak Varna
eurosport_2,2025-10-21,15:00,2025-10-21 12:00:00,2025-10-21 14:00:00,Добруджа - ЦСКА,Dobruja - CSKA
eurosport_2,2025-10-21,17:00,2025-10-21 14:00:00,2025-10-21 14:30:00,Головете на кръга,The goals of the round
eurosport_2,2025-10-21,17:30,2025-10-21 14:30:00,2025-10-21 16:30:00,Янтра - Локомотив Горна Оряховица,Yantra - Locomotive Gorna Oryahovitsa
eurosport_2,2025-10-21,19:30,2025-10-21 16:30:00,2025-10-21 17:00:00,Героите на кръга,The heroes of the circle
eurosport_2,2025-10-21,20:00,2025-10-21 17:00:00,2025-10-21 19:00:00,Черно море - Левски,Black Sea - Levski
eurosport_2,2025-10-21,22:00,2025-10-21 19:00:00,2025-10-21 20:00:00,BKB 47,BKB 47
diema_sport,2025-10-21,00:15,2025-10-20 21:15:00,2025-10-20 22:00:00,Арис - Панатинайкос,Aris - Panathinaikos
diema_sport,2025-10-21,01:00,2025-10-20 22:00:00,2025-10-20 23:00:00,Обзор на кръга в английската Висша Лига,Overview of the round in the English Premier League
diema_sport,2025-10-21,02:00,2025-10-20 23:00:00,2025-10-20 23:15:00,Премиър Лийг Токшоу,Premier League Talk Show
diema_sport,2025-10-21,02:15,2025-10-20 23:15:00,2025-10-20 23:30:00,Пари Сен Жермен - Страсбург,Paris Saint-Germain - Strasbourg
diema_sport,2025-10-21,02:30,2025-10-20 23:30:00,2025-10-21 03:30:00,Оклахома Сити Тъндър - Хюстън Рокетс,Oklahoma City Thunder - Houston Rockets
diema_sport,2025-10-21,06:30,2025-10-21 03:30:00,2025-10-21 05:30:00,Мидълзбро - Ипсуич Таун,Middlesbrough - Ipswich Town
diema_sport,2025-10-21,08:30,2025-10-21 05:30:00,2025-10-21 07:30:00,Тотнъм Хотспър - Астън Вила,Tottenham Hotspur - Aston Villa
diema_sport,2025-10-21,10:30,2025-10-21 07:30:00,2025-10-21 09:30:00,Бърнли - Лийдс Юнайтед,Burnley - Leeds United
diema_sport,2025-10-21,12:30,2025-10-21 09:30:00,2025-10-21 11:30:00,Нотингам Форест - Челси,Nottingham Forest - Chelsea
diema_sport,2025-10-21,14:30,2025-10-21 11:30:00,2025-10-21 13:30:00,Уест Хям Юнайтед - Брентфорд,West Ham United - Brentford
diema_sport,2025-10-21,16:30,2025-10-21 13:30:00,2025-10-21 14:00:00,Да скъсаш мрежата,To break the net
diema_sport,2025-10-21,17:00,2025-10-21 14:00:00,2025-10-21 14:30:00,Висша лига: Голямото интервю,Premier League: The Big Interview
diema_sport,2025-10-21,17:30,2025-10-21 14:30:00,2025-10-21 16:30:00,Ливърпул - Манчестър Юнайтед,Liverpool - Manchester United
diema_sport,2025-10-21,19:30,2025-10-21 16:30:00,2025-10-21 17:00:00,Шоуто на Лига 1,The League One show
diema_sport,2025-10-21,20:00,2025-10-21 17:00:00,2025-10-21 18:00:00,Премиър Лийг Токшоу,Premier League Talk Show
diema_sport,2025-10-21,21:00,2025-10-21 18:00:00,2025-10-21 19:00:00,Обзор на кръга в английската Висша Лига,Overview of the round in the English Premier League
diema_sport,2025-10-21,22:00,2025-10-21 19:00:00,2025-10-21 20:00:00,Бристъл Сити - Саутхямптън,Bristol City - Southampton
diema_sport_2,2025-10-21,00:00,2025-10-20 21:00:00,2025-10-20 22:15:00,ATP 500: Виена,ATP 500: Vienna
diema_sport_2,2025-10-21,01:15,2025-10-20 22:15:00,2025-10-20 23:00:00,ATP 500: Базел,ATP 500: Basel
diema_sport_2,2025-10-21,02:00,2025-10-20 23:00:00,2025-10-21 00:15:00,ATP 500: Базел,ATP 500: Basel
diema_sport_2,2025-10-21,03:15,2025-10-21 00:15:00,2025-10-21 01:00:00,ATP 500: Базел,ATP 500: Basel
diema_sport_2,2025-10-21,04:00,2025-10-21 01:00:00,2025-10-21 02:30:00,ATP 500: Базел,ATP 500: Basel
diema_sport_2,2025-10-21,05:30,2025-10-21 02:30:00,2025-10-21 03:30:00,Брейкпойнт Тенис токшоу,Breakpoint Tennis Talk Show
diema_sport_2,2025-10-21,06:30,2025-10-21 03:30:00,2025-10-21 05:30:00,ATP 500: Виена,ATP 500: Vienna
diema_sport_2,2025-10-21,08:30,2025-10-21 05:30:00,2025-10-21 07:30:00,ATP 500: Виена,ATP 500: Vienna
diema_sport_2,2025-10-21,10:30,2025-10-21 07:30:00,2025-10-21 09:30:00,ATP 500: Виена,ATP 500: Vienna
diema_sport_2,2025-10-21,12:30,2025-10-21 09:30:00,2025-10-21 11:30:00,ATP 500: Виена,ATP 500: Vienna
diema_sport_2,2025-10-21,14:30,2025-10-21 11:30:00,2025-10-21 13:30:00,"ПРЯКО, ATP 500: Виена","LIVE, ATP 500: Vienna"
diema_sport_2,2025-10-21,16:30,2025-10-21 13:30:00,2025-10-21 15:30:00,"ПРЯКО, ATP 500: Виена","LIVE, ATP 500: Vienna"
diema_sport_2,2025-10-21,18:30,2025-10-21 15:30:00,2025-10-21 17:30:00,"ПРЯКО, ATP 500: Виена","LIVE, ATP 500: Vienna"
diema_sport_2,2025-10-21,20:30,2025-10-21 17:30:00,2025-10-21 19:00:00,Зона волей Токшоу,Zone Volley Talkshow
diema_sport_2,2025-10-21,22:00,2025-10-21 19:00:00,2025-10-21 20:00:00,"ПРЯКО, УЕФА Шампионска лига: Нюкасъл - Бенфика Трети кръг",LIVE UEFA Champions League: Newcastle v Benfica Third Round
max_sport_1_hd,2025-10-21,00:00,2025-10-20 21:00:00,2025-10-20 22:30:00,NHL: Ню Йорк Рейнджърс - Минесота Уайлд Ню Йорк Рейнджърс - Минесота Уайлд,NHL: New York Rangers - Minnesota Wild New York Rangers - Minnesota Wild
max_sport_1_hd,2025-10-21,01:30,2025-10-20 22:30:00,2025-10-20 23:00:00,Удар със стик,Strike with a stick
max_sport_1_hd,2025-10-21,02:00,2025-10-20 23:00:00,2025-10-20 23:00:00,"ПРЯКО, NHL: Ню Йорк Рейнджърс - Минесота Уайлд Ню Йорк Рейнджърс - Минесота Уайлд","LIVE, NHL: New York Rangers - Minnesota Wild New York Rangers - Minnesota Wild"
max_sport_1_hd,2025-10-21,02:00,2025-10-20 23:00:00,2025-10-21 02:00:00,"ПРЯКО, NHL: Отава Сенатърс - Едмънтън Ойлърс Отава Сенатърс - Едмънтън Ойлърс","LIVE, NHL: Ottawa Senators - Edmonton Oilers Ottawa Senators - Edmonton Oilers"
max_sport_1_hd,2025-10-21,05:00,2025-10-21 02:00:00,2025-10-21 02:00:00,NFL:,NFL:
max_sport_1_hd,2025-10-21,05:00,2025-10-21 02:00:00,2025-10-21 05:00:00,NFL:,NFL:
max_sport_1_hd,2025-10-21,08:00,2025-10-21 05:00:00,2025-10-21 07:00:00,NHL: Юта Мамът - Сан Хосе Шаркс Юта Мамът - Сан Хосе Шаркс,NHL: Utah Mammoth - San Jose Sharks Utah Mammoth - San Jose Sharks
max_sport_1_hd,2025-10-21,10:00,2025-10-21 07:00:00,2025-10-21 08:15:00,Moto 3: Състезание за Голямата награда на Австралия Състезание за Голямата награда на Австралия,Moto 3: Australian Grand Prix Australian Grand Prix
max_sport_1_hd,2025-10-21,11:15,2025-10-21 08:15:00,2025-10-21 09:30:00,Moto 2: Състезание за Голямата награда на Австралия Състезание за Голямата награда на Австралия,Moto 2: Australian Grand Prix Australian Grand Prix
max_sport_1_hd,2025-10-21,12:30,2025-10-21 09:30:00,2025-10-21 11:30:00,Moto GP: Състезание за Голямата награда на Австралия Състезание за Голямата награда на Австралия,Moto GP: Australian Grand Prix Australian Grand Prix
max_sport_1_hd,2025-10-21,14:30,2025-10-21 11:30:00,2025-10-21 12:00:00,Trans World Sport,Trans World Sport
max_sport_1_hd,2025-10-21,15:00,2025-10-21 12:00:00,2025-10-21 14:00:00,"ПРЯКО, ATP 500: Базел","LIVE, ATP 500: Basel"
max_sport_1_hd,2025-10-21,17:00,2025-10-21 14:00:00,2025-10-21 16:00:00,"ПРЯКО, ATP 500: Базел","LIVE, ATP 500: Basel"
max_sport_1_hd,2025-10-21,19:00,2025-10-21 16:00:00,2025-10-21 18:00:00,"ПРЯКО, ATP 500: Базел","LIVE, ATP 500: Basel"
max_sport_1_hd,2025-10-21,21:00,2025-10-21 18:00:00,2025-10-21 19:00:00,Удар със стик,Strike with a stick
max_sport_1_hd,2025-10-21,22:00,2025-10-21 19:00:00,2025-10-21 20:00:00,"ПРЯКО, УЕФА Шампионска лига: Виляреал - Манчестър Сити Трети кръг",LIVE UEFA Champions League: Villarreal v Manchester City Third Round
max_sport_2_hd,2025-10-21,00:20,2025-10-20 21:20:00,2025-10-20 22:00:00,"ПРЯКО, УЕФА Шампионска лига: Обзор на кръга Обзор на кръга",LIVE UEFA Champions League: Round of 16 Round of 16
max_sport_2_hd,2025-10-21,01:00,2025-10-20 22:00:00,2025-10-20 22:45:00,УЕФА Шампионска лига: Байер Леверкузен - Пари Сен Жермен Трети кръг,UEFA Champions League: Bayer Leverkusen - Paris Saint-Germain Third round
max_sport_2_hd,2025-10-21,01:45,2025-10-20 22:45:00,2025-10-21 00:00:00,Серия А: Милан - Фиорентина,Serie A: Milan - Fiorentina
max_sport_2_hd,2025-10-21,03:00,2025-10-21 00:00:00,2025-10-21 01:00:00,Саудитска Професионална Лига: Ал Насър - Ал Фатех Ал Насър - Ал Фатех,Saudi Professional League: Al Nasser - Al Fateh Al Nasser - Al Fateh
max_sport_2_hd,2025-10-21,04:00,2025-10-21 01:00:00,2025-10-21 02:00:00,Мейджър Лийг Сокър:,Major League Soccer:
max_sport_2_hd,2025-10-21,05:00,2025-10-21 02:00:00,2025-10-21 03:00:00,Калчо мания Токшоу,Calcio mania Talkshow
max_sport_2_hd,2025-10-21,06:00,2025-10-21 03:00:00,2025-10-21 05:00:00,Серия А: Торино - Наполи,Serie A: Torino - Napoli
max_sport_2_hd,2025-10-21,08:00,2025-10-21 05:00:00,2025-10-21 07:00:00,Серия А: Рома - Интер,Serie A: Roma - Inter
max_sport_2_hd,2025-10-21,10:00,2025-10-21 07:00:00,2025-10-21 08:00:00,УЕФА Лига Европа и Лига на конференциите Магазинно предаване,UEFA Europa League and Conference League Store broadcast
max_sport_2_hd,2025-10-21,11:00,2025-10-21 08:00:00,2025-10-21 10:00:00,Серия А: Аталанта - Лацио,Serie A: Atalanta - Lazio
max_sport_2_hd,2025-10-21,13:00,2025-10-21 10:00:00,2025-10-21 12:00:00,Серия А: Комо - Ювентус,Serie A: Como - Juventus
max_sport_2_hd,2025-10-21,15:00,2025-10-21 12:00:00,2025-10-21 14:00:00,"ПРЯКО, УЕФА Младежка Шампионска лига: Арсенал - Атлетик Билбао Арсенал - Атлетик Билбао",LIVE UEFA Youth Champions League: Arsenal v Athletic Bilbao Arsenal v Athletic Bilbao
max_sport_2_hd,2025-10-21,17:00,2025-10-21 14:00:00,2025-10-21 14:30:00,Trans World Sport,Trans World Sport
max_sport_2_hd,2025-10-21,17:30,2025-10-21 14:30:00,2025-10-21 15:30:00,Калчо мания Токшоу,Calcio mania Talkshow
max_sport_2_hd,2025-10-21,18:30,2025-10-21 15:30:00,2025-10-21 16:00:00,УЕФА Шампионска лига Магазинно предаване,UEFA Champions League Shop show
max_sport_2_hd,2025-10-21,19:00,2025-10-21 16:00:00,2025-10-21 16:45:00,"ПРЯКО, Студио Футбол","LIVE, Studio Football"
max_sport_2_hd,2025-10-21,19:45,2025-10-21 16:45:00,2025-10-21 18:30:00,"ПРЯКО, УЕФА Шампионска лига: Барселона - Олимпиакос Трети кръг",LIVE UEFA Champions League: Barcelona v Olympiakos Third Round
max_sport_2_hd,2025-10-21,21:30,2025-10-21 18:30:00,2025-10-21 19:00:00,"ПРЯКО, Студио Футбол","LIVE, Studio Football"
max_sport_2_hd,2025-10-21,22:00,2025-10-21 19:00:00,2025-10-21 20:50:00,"ПРЯКО, УЕФА Шампионска лига: Арсенал - Атлетик Билбао Трети кръг",LIVE UEFA Champions League: Arsenal v Athletic Bilbao Third Round
max_sport_2_hd,2025-10-21,23:50,2025-10-21 20:50:00,2025-10-21 21:50:00,"ПРЯКО, Студио Футбол","LIVE, Studio Football"
max_sport_3_hd,2025-10-21,00:00,2025-10-20 21:00:00,2025-10-20 21:00:00,"ПРЯКО, Студио Футбол","LIVE, Studio Football"
max_sport_3_hd,2025-10-21,00:00,2025-10-20 21:00:00,2025-10-20 21:15:00,Мейджър Лийг Сокър:,Major League Soccer:
max_sport_3_hd,2025-10-21,00:15,2025-10-20 21:15:00,2025-10-20 23:00:00,Ла Лига 2: Кадис - Бургос,La Liga 2: Cadiz - Burgos
max_sport_3_hd,2025-10-21,02:00,2025-10-20 23:00:00,2025-10-20 23:00:00,Саудитска Професионална Лига: Ал Насър - Ал Фатех Ал Насър - Ал Фатех,Saudi Professional League: Al Nasser - Al Fateh Al Nasser - Al Fateh
max_sport_3_hd,2025-10-21,02:00,2025-10-20 23:00:00,2025-10-20 23:30:00,Ла Лига: Обзор 9 кръг Обзор,La Liga: Overview round 9 Overview
max_sport_3_hd,2025-10-21,02:30,2025-10-20 23:30:00,2025-10-21 00:30:00,LaLiga дневник Токшоу,LaLiga Diary Talk Show
max_sport_3_hd,2025-10-21,03:30,2025-10-21 00:30:00,2025-10-21 01:00:00,"ПРЯКО, Копа Судамерикана: Индепендиенте дел Вале - Атлетико Минейро Полуфинал","LIVE, Copa Sudamericana: Independiente del Valle - Atlético Mineiro Semi-Final"
max_sport_3_hd,2025-10-21,04:00,2025-10-21 01:00:00,2025-10-21 02:30:00,Ла Лига: Атлетико Мадрид - Осасуна,La Liga: Atletico Madrid - Osasuna
max_sport_3_hd,2025-10-21,05:30,2025-10-21 02:30:00,2025-10-21 03:00:00,Trans World Sport,Trans World Sport
max_sport_3_hd,2025-10-21,06:00,2025-10-21 03:00:00,2025-10-21 05:00:00,Ла Лига: Селта - Реал Сосиедад,La Liga: Celta v Real Sociedad
max_sport_3_hd,2025-10-21,08:00,2025-10-21 05:00:00,2025-10-21 07:00:00,Ла Лига 2: Кадис - Бургос,La Liga 2: Cadiz - Burgos
max_sport_3_hd,2025-10-21,10:00,2025-10-21 07:00:00,2025-10-21 08:30:00,Пред Стадиона - спортно шоу Пред Стадиона - спортно шоу,In front of the Stadium - sports show In front of the Stadium - sports show
max_sport_3_hd,2025-10-21,11:30,2025-10-21 08:30:00,2025-10-21 10:30:00,Ла Лига: Барселона - Жирона,La Liga: Barcelona - Girona
max_sport_3_hd,2025-10-21,13:30,2025-10-21 10:30:00,2025-10-21 12:30:00,Ла Лига: Хетафе - Реал Мадрид,La Liga: Getafe - Real Madrid
max_sport_3_hd,2025-10-21,15:30,2025-10-21 12:30:00,2025-10-21 13:00:00,Trans World Sport,Trans World Sport
max_sport_3_hd,2025-10-21,16:00,2025-10-21 13:00:00,2025-10-21 15:00:00,Ла Лига: Алавес - Валенсия,La Liga: Alaves - Valencia
max_sport_3_hd,2025-10-21,18:00,2025-10-21 15:00:00,2025-10-21 15:30:00,Ла Лига: Обзор 9 кръг Обзор,La Liga: Overview round 9 Overview
max_sport_3_hd,2025-10-21,18:30,2025-10-21 15:30:00,2025-10-21 16:45:00,LaLiga дневник Токшоу,LaLiga Diary Talk Show
max_sport_3_hd,2025-10-21,19:45,2025-10-21 16:45:00,2025-10-21 19:00:00,"ПРЯКО, УЕФА Шампионска лига: Кайрат - Пафос Трети кръг",LIVE UEFA Champions League: Kairat v Paphos Third Round
max_sport_3_hd,2025-10-21,22:00,2025-10-21 19:00:00,2025-10-21 20:00:00,"ПРЯКО, УЕФА Шампионска лига: Байер Леверкузен - Пари Сен Жермен Трети кръг",LIVE UEFA Champions League: Bayer Leverkusen v Paris Saint-Germain Third Round
max_sport_4_hd,2025-10-22,00:20,2025-10-21 21:20:00,2025-10-21 21:30:00,Спортни новини,Sports news
max_sport_4_hd,2025-10-22,00:30,2025-10-21 21:30:00,2025-10-21 21:50:00,Световно първенство по лека атлетика,World Championships in Athletics
max_sport_4_hd,2025-10-22,00:50,2025-10-21 21:50:00,2025-10-21 22:00:00,Спортни новини,Sports news
max_sport_4_hd,2025-10-22,01:00,2025-10-21 22:00:00,2025-10-22 01:40:00,Световно първенство по лека атлетика,World Championships in Athletics
max_sport_4_hd,2025-10-22,04:40,2025-10-22 01:40:00,2025-10-22 02:05:00,FEI Конен спорт,FEI Equestrian
max_sport_4_hd,2025-10-22,05:05,2025-10-22 02:05:00,2025-10-22 02:35:00,One Water Race - екстремна надпревара,One Water Race - an extreme race
max_sport_4_hd,2025-10-22,05:35,2025-10-22 02:35:00,2025-10-22 03:00:00,Спортсмакс,Sportsmax
max_sport_4_hd,2025-10-22,06:00,2025-10-22 03:00:00,2025-10-22 03:10:00,Аз съм...,I am...
max_sport_4_hd,2025-10-22,06:10,2025-10-22 03:10:00,2025-10-22 04:00:00,Ветроходство: Гран при на Женева,Sailing: Geneva Grand Prix
max_sport_4_hd,2025-10-22,07:00,2025-10-22 04:00:00,2025-10-22 04:30:00,FEI Конен спорт,FEI Equestrian
max_sport_4_hd,2025-10-22,07:30,2025-10-22 04:30:00,2025-10-22 05:00:00,Рали Португалия,Rally Portugal
max_sport_4_hd,2025-10-22,08:00,2025-10-22 05:00:00,2025-10-22 07:00:00,FIA Extreme H Световна купа,FIA Extreme H World Cup
max_sport_4_hd,2025-10-22,10:00,2025-10-22 07:00:00,2025-10-22 08:30:00,Тенис: Среща от финалите на световния тенис тур за юноши,Tennis: Match of the finals of the World Junior Tennis Tour
max_sport_4_hd,2025-10-22,11:30,2025-10-22 08:30:00,2025-10-22 08:55:00,Спортсмакс,Sportsmax
max_sport_4_hd,2025-10-22,11:55,2025-10-22 08:55:00,2025-10-22 09:10:00,Аз съм...,I am...
max_sport_4_hd,2025-10-22,12:10,2025-10-22 09:10:00,2025-10-22 13:10:00,Световно първенство по лека атлетика,World Championships in Athletics
max_sport_4_hd,2025-10-22,16:10,2025-10-22 13:10:00,2025-10-22 14:00:00,"По-добре грозно да пееш, отколкото красиво да плачеш",Better to sing ugly than to cry beautifully
max_sport_4_hd,2025-10-22,17:00,2025-10-22 14:00:00,2025-10-22 14:15:00,Телепазарен прозорец,Telemarketing window
max_sport_4_hd,2025-10-22,17:15,2025-10-22 14:15:00,2025-10-22 15:15:00,Последният печели,The last one wins
max_sport_4_hd,2025-10-22,18:15,2025-10-22 15:15:00,2025-10-22 16:10:00,Пазителите на земята,The guardians of the earth
max_sport_4_hd,2025-10-22,19:10,2025-10-22 16:10:00,2025-10-22 16:40:00,Спартан трифекта световен шампионат,Spartan Trifecta World Championship
max_sport_4_hd,2025-10-22,19:40,2025-10-22 16:40:00,2025-10-22 17:05:00,Световно шахматно шоу,World Chess Show
max_sport_4_hd,2025-10-22,20:05,2025-10-22 17:05:00,2025-10-22 18:00:00,Моят плейлист,My playlist
max_sport_4_hd,2025-10-22,21:00,2025-10-22 18:00:00,2025-10-22 18:50:00,Забравени от Бога 3,Forgotten by God 3
max_sport_4_hd,2025-10-22,21:50,2025-10-22 18:50:00,2025-10-22 19:00:00,Спортни новини,Sports news
max_sport_4_hd,2025-10-22,22:00,2025-10-22 19:00:00,2025-10-22 19:50:00,Забравени от Бога 3,Forgotten by God 3
max_sport_4_hd,2025-10-22,22:50,2025-10-22 19:50:00,2025-10-22 20:50:00,Тенис: Среща от финалите на световния тенис тур за юноши,Tennis: Match of the finals of the World Junior Tennis Tour
bnt_3,2025-10-22,00:00,2025-10-21 21:00:00,2025-10-21 22:00:00,УЕФА Шампионска лига: Челси - Аякс,UEFA Champions League: Chelsea - Ajax
bnt_3,2025-10-22,01:00,2025-10-21 22:00:00,2025-10-21 23:00:00,"Португалия, Примейра лига /п./","Portugal, Primeira Liga /p./"
bnt_3,2025-10-22,02:00,2025-10-21 23:00:00,2025-10-22 01:00:00,УЕФА Шампионска лига: Атлетик Билбао - Карабах,UEFA Champions League: Athletic Bilbao - Qarabag
bnt_3,2025-10-22,04:00,2025-10-22 01:00:00,2025-10-22 03:00:00,УЕФА Шампионска лига: Реал Мадрид - Ювентус,UEFA Champions League: Real Madrid - Juventus
bnt_3,2025-10-22,06:00,2025-10-22 03:00:00,2025-10-22 05:00:00,Великите спортни постижения през последния век - документална поредица,The great sporting achievements of the last century - a documentary series
bnt_3,2025-10-22,08:00,2025-10-22 05:00:00,2025-10-22 07:00:00,УЕФА Лига Европа / Лига на конференциите - обзори,UEFA Europa League / Conference League - overviews
bnt_3,2025-10-22,10:00,2025-10-22 07:00:00,2025-10-22 09:00:00,УЕФА Лига Европа: Селта - ПАОК,UEFA Europa League: Celta v PAOK
bnt_3,2025-10-22,12:00,2025-10-22 09:00:00,2025-10-22 11:00:00,УЕФА Лига Европа: Нотингам - Мидтиланд,UEFA Europa League: Nottingham - Midtjylland
bnt_3,2025-10-22,14:00,2025-10-22 11:00:00,2025-10-22 13:00:00,УЕФА Лига Европа: Лудогорец - Бетис,UEFA Europa League: Ludogorets - Betis
bnt_3,2025-10-22,16:00,2025-10-22 13:00:00,2025-10-22 15:00:00,УЕФА Лига Европа: Фенербахче - Ница,UEFA Europa League: Fenerbahce - Nice
bnt_3,2025-10-22,18:00,2025-10-22 15:00:00,2025-10-22 16:00:00,УЕФА Лига Европа / Лига на конференциите - обзори,UEFA Europa League / Conference League - overviews
bnt_3,2025-10-22,19:00,2025-10-22 16:00:00,2025-10-22 16:45:00,Студио УЕФА Шампионска лига,Studio UEFA Champions League
bnt_3,2025-10-22,19:45,2025-10-22 16:45:00,2025-10-22 19:00:00,ПРЯКО: УЕФА Шампионска лига: Галатасарай - Бодьо Глимт,LIVE: UEFA Champions League: Galatasaray v Bodio Glimt
bnt_3,2025-10-22,22:00,2025-10-22 19:00:00,2025-10-22 20:00:00,ПРЯКО: УЕФА Шампионска лига: Айнтрахт - Ливърпул,LIVE: UEFA Champions League: Eintracht - Liverpool
ring,2025-10-22,01:15,2025-10-21 22:15:00,2025-10-21 22:15:00,Ал Шорта - Ал Итихад,Al Shorta - Al Ittihad
ring,2025-10-22,01:15,2025-10-21 22:15:00,2025-10-22 00:15:00,Шабаб Ал Ахли - Насаф,Shabab Al Ahli - Nasaf
ring,2025-10-22,03:15,2025-10-22 00:15:00,2025-10-22 00:15:00,Еротичен Телепазар,Erotic Telemarket
ring,2025-10-22,03:15,2025-10-22 00:15:00,2025-10-22 04:00:00,Еротичен Телепазар,Erotic Telemarket
ring,2025-10-22,07:00,2025-10-22 04:00:00,2025-10-22 06:00:00,Мелбърн Сити - Бурирам Юнайтед,Melbourne City - Buriram United
ring,2025-10-22,09:00,2025-10-22 06:00:00,2025-10-22 08:00:00,Ченгду Ронгченг - Джохор,Chengdu Rongcheng - Johor
ring,2025-10-22,11:00,2025-10-22 08:00:00,2025-10-22 10:00:00,Улсан -  Санфрече Хирошима,Ulsan - Sanfrecce Hiroshima
ring,2025-10-22,13:00,2025-10-22 10:00:00,2025-10-22 11:55:00,Гамба Осака - Нам Дин,Gamba Osaka - Nam Din
ring,2025-10-22,14:55,2025-10-22 11:55:00,2025-10-22 12:00:00,Новини,News
ring,2025-10-22,15:00,2025-10-22 12:00:00,2025-10-22 12:45:00,Чемпиъншип: Обзор,Championship: Overview
ring,2025-10-22,15:45,2025-10-22 12:45:00,2025-10-22 13:15:00,Пета четвърт,Fifth quarter
ring,2025-10-22,16:15,2025-10-22 13:15:00,2025-10-22 13:45:00,Пета четвърт,Fifth quarter
ring,2025-10-22,16:45,2025-10-22 13:45:00,2025-10-22 16:00:00,Гоа - Ал Насър,Goa - Al Nasser
ring,2025-10-22,19:00,2025-10-22 16:00:00,2025-10-22 17:55:00,Ал Ахли - Аркадаг,Al Ahli - Arkadag
ring,2025-10-22,20:55,2025-10-22 17:55:00,2025-10-22 18:15:00,Новини,News
ring,2025-10-22,21:15,2025-10-22 18:15:00,2025-10-22 20:15:00,Мухарак - Ал Уасъл,Muharraq - Al Wasl
ring,2025-10-22,23:15,2025-10-22 20:15:00,2025-10-22 21:15:00,Ал Хилал - Ал Сад,Al Hilal - Al Sadd
nova_sport,2025-10-22,01:00,2025-10-21 22:00:00,2025-10-21 22:00:00,"Триатлон: PTO Тур в Уолонгонг, повторение","Triathlon: PTO Tour of Walongong, repeat"
nova_sport,2025-10-22,01:00,2025-10-21 22:00:00,2025-10-21 23:00:00,"Колоездене на писта: Световен шампионат в Сантиаго де Чили, директно","Track Cycling: World Championships in Santiago de Chile, live"
nova_sport,2025-10-22,02:00,2025-10-21 23:00:00,2025-10-21 23:30:00,"Колоездене: Тур дьо Франс, етап 21, мъже, повторение",Cycling: Tour de France stage 21 men's replay
nova_sport,2025-10-22,02:30,2025-10-21 23:30:00,2025-10-21 23:40:00,"Снукър: Северна Ирландия оупън, втори кръг, повторение",Snooker: Northern Ireland Open second round replay
nova_sport,2025-10-22,02:40,2025-10-21 23:40:00,2025-10-22 01:00:00,"Снукър: Северна Ирландия оупън, втори кръг, повторение",Snooker: Northern Ireland Open second round replay
nova_sport,2025-10-22,04:00,2025-10-22 01:00:00,2025-10-22 01:00:00,"Колоездене: Тур дьо Франс, етап 21, мъже, повторение",Cycling: Tour de France stage 21 men's replay
nova_sport,2025-10-22,04:00,2025-10-22 01:00:00,2025-10-22 02:00:00,"Колоездене: Световно първенство в Кигали, жени, часовник, повторение",Cycling: Kigali World Championships Women's Clock Repeat
nova_sport,2025-10-22,05:00,2025-10-22 02:00:00,2025-10-22 02:00:00,"Колоездене: Тур дьо Франс, девети етап, жени, повторение",Cycling: Tour de France stage nine women replay
nova_sport,2025-10-22,05:00,2025-10-22 02:00:00,2025-10-22 03:00:00,"Колоездене на писта: Световен шампионат в Сантиаго де Чили, повторение","Track Cycling: World Championships in Santiago de Chile, repeat"
nova_sport,2025-10-22,06:00,2025-10-22 03:00:00,2025-10-22 05:00:00,"Снукър: Северна Ирландия оупън, втори кръг, повторение",Snooker: Northern Ireland Open second round replay
nova_sport,2025-10-22,08:00,2025-10-22 05:00:00,2025-10-22 06:30:00,"Ски алпийски дисциплини: Световен шампионат в Заалбах Хинтерглем, спускане, мъже, повторение",Alpine Skiing: Saalbach Hinterglemm World Championships Downhill Men's Repeat
nova_sport,2025-10-22,09:30,2025-10-22 06:30:00,2025-10-22 08:00:00,"Снукър: Северна Ирландия оупън, втори кръг, повторение",Snooker: Northern Ireland Open second round replay
nova_sport,2025-10-22,11:00,2025-10-22 08:00:00,2025-10-22 08:45:00,"Ски алпийски дисциплини: Световен шампионат в Заалбах Хинтерглем, спускане за комбинация, жени, повторение",Alpine Skiing: Saalbach Hinterglemm World Championships Combined Downhill Women Repeat
nova_sport,2025-10-22,11:45,2025-10-22 08:45:00,2025-10-22 09:30:00,"Ски алпийски дисциплини: Световен шампионат в Заалбах Хинтерглем, слалом за комбинация, жени, повторение",Alpine Skiing: Saalbach Hinterglemm World Championships Combined Slalom Women Repeat
nova_sport,2025-10-22,12:30,2025-10-22 09:30:00,2025-10-22 10:00:00,"Маунтинбайк: Световна купа в Маса Маритима, електрическо крос кънтри, обзор",Mountainbike: Massa Marittima Electric Cross Country World Cup Overview
nova_sport,2025-10-22,13:00,2025-10-22 10:00:00,2025-10-22 12:00:00,"Снукър: Северна Ирландия оупън, втори кръг, повторение",Snooker: Northern Ireland Open second round replay
nova_sport,2025-10-22,15:00,2025-10-22 12:00:00,2025-10-22 16:00:00,"Снукър: Северна Ирландия оупън, втори кръг, директно","Snooker: Northern Ireland Open, second round, direct"
nova_sport,2025-10-22,19:00,2025-10-22 16:00:00,2025-10-22 17:00:00,"Триатлон: PTO Тур в Уолонгонг, повторение","Triathlon: PTO Tour of Walongong, repeat"
nova_sport,2025-10-22,20:00,2025-10-22 17:00:00,2025-10-22 18:00:00,"Конен спорт: Световна купа в Осло, прескачане на препятствия, обзор",Equestrian: Oslo World Cup Show Jumping Overview
nova_sport,2025-10-22,21:00,2025-10-22 18:00:00,2025-10-22 19:00:00,"Снукър: Северна Ирландия оупън, втори кръг, директно","Snooker: Northern Ireland Open, second round, direct"
eurosport_1,2025-10-22,00:00,2025-10-21 21:00:00,2025-10-21 22:00:00,"Триатлон: PTO Тур в Уолонгонг, повторение","Triathlon: PTO Tour of Walongong, repeat"
eurosport_1,2025-10-22,01:00,2025-10-21 22:00:00,2025-10-21 22:00:00,"Снукър: Северна Ирландия оупън, втори кръг, повторение",Snooker: Northern Ireland Open second round replay
eurosport_1,2025-10-22,01:00,2025-10-21 22:00:00,2025-10-21 23:30:00,"Снукър: Северна Ирландия оупън, втори кръг, повторение",Snooker: Northern Ireland Open second round replay
eurosport_1,2025-10-22,02:30,2025-10-21 23:30:00,2025-10-21 23:30:00,"Колоездене: Тур дьо Франс, етап 21, мъже, повторение",Cycling: Tour de France stage 21 men's replay
eurosport_1,2025-10-22,02:30,2025-10-21 23:30:00,2025-10-22 00:15:00,"Колоездене: Световно първенство в Кигали, жени, часовник, повторение",Cycling: Kigali World Championships Women's Clock Repeat
eurosport_1,2025-10-22,03:15,2025-10-22 00:15:00,2025-10-22 01:00:00,"Колоездене: Тур дьо Франс, девети етап, жени, повторение",Cycling: Tour de France stage nine women replay
eurosport_1,2025-10-22,04:00,2025-10-22 01:00:00,2025-10-22 01:00:00,"Снукър: Северна Ирландия оупън, втори кръг, повторение",Snooker: Northern Ireland Open second round replay
eurosport_1,2025-10-22,04:00,2025-10-22 01:00:00,2025-10-22 03:00:00,"Снукър: Северна Ирландия оупън, втори кръг, повторение",Snooker: Northern Ireland Open second round replay
eurosport_1,2025-10-22,06:00,2025-10-22 03:00:00,2025-10-22 04:00:00,"Колоездене: Тур дьо Франс, етап 21, мъже, повторение",Cycling: Tour de France stage 21 men's replay
eurosport_1,2025-10-22,07:00,2025-10-22 04:00:00,2025-10-22 05:00:00,"Колоездене: Тур дьо Франс, девети етап, жени, повторение",Cycling: Tour de France stage nine women replay
eurosport_1,2025-10-22,08:00,2025-10-22 05:00:00,2025-10-22 06:30:00,"Снукър: Северна Ирландия оупън, втори кръг, повторение",Snooker: Northern Ireland Open second round replay
eurosport_1,2025-10-22,09:30,2025-10-22 06:30:00,2025-10-22 08:00:00,"Ски алпийски дисциплини: Световен шампионат в Заалбах Хинтерглем, , спускане, мъже, повторение","Alpine Skiing: Saalbach Hinterglemm World Championships, , Downhill, Men, Repeat"
eurosport_1,2025-10-22,11:00,2025-10-22 08:00:00,2025-10-22 10:00:00,"Снукър: Северна Ирландия оупън, втори кръг, повторение",Snooker: Northern Ireland Open second round replay
eurosport_1,2025-10-22,13:00,2025-10-22 10:00:00,2025-10-22 11:00:00,"Триатлон: PTO Тур в Уолонгонг, повторение","Triathlon: PTO Tour of Walongong, repeat"
eurosport_1,2025-10-22,14:00,2025-10-22 11:00:00,2025-10-22 12:30:00,"Колоездене: Тур дьо Франс, етап 21, мъже, повторение",Cycling: Tour de France stage 21 men's replay
eurosport_1,2025-10-22,15:30,2025-10-22 12:30:00,2025-10-22 14:00:00,"Колоездене: Тур дьо Франс, девети етап, жени, повторение",Cycling: Tour de France stage nine women replay
eurosport_1,2025-10-22,17:00,2025-10-22 14:00:00,2025-10-22 15:00:00,"Ски алпийски дисциплини: Световен шампионат в Заалбах Хинтерглем, , спускане, мъже, повторение","Alpine Skiing: Saalbach Hinterglemm World Championships, , Downhill, Men, Repeat"
eurosport_1,2025-10-22,18:00,2025-10-22 15:00:00,2025-10-22 16:00:00,"Ски алпийски дисциплини: Световен шампионат в Заалбах Хинтерглем, , спускане за комбинация, жени, повторение","Alpine Skiing: Saalbach Hinterglemm World Championships, , Combined Downhill, Women, Repeat"
eurosport_1,2025-10-22,19:00,2025-10-22 16:00:00,2025-10-22 17:00:00,"Ски алпийски дисциплини: Световен шампионат в Заалбах Хинтерглем, , слалом за комбинация, жени, повторение","Alpine Skiing: Saalbach Hinterglemm World Championships, Women's Combined Slalom, Repeat"
eurosport_1,2025-10-22,20:00,2025-10-22 17:00:00,2025-10-22 18:00:00,"Триатлон: PTO Тур в Уолонгонг, повторение","Triathlon: PTO Tour of Walongong, repeat"
eurosport_1,2025-10-22,21:00,2025-10-22 18:00:00,2025-10-22 19:00:00,"Колоездене: Тур дьо Франс, обзор, мъже, повторение",Cycling: Tour de France overview men replay
eurosport_1,2025-10-22,22:00,2025-10-22 19:00:00,2025-10-22 20:00:00,"Колоездене: Тур дьо Франс, обзор, жени, повторение",Cycling: Tour de France overview women's replay
eurosport_1,2025-10-22,23:00,2025-10-22 20:00:00,2025-10-22 21:00:00,"Конен спорт: Световна купа в Осло, прескачане на препятствия, повторение",Equestrian: Oslo World Cup show jumping repeat
eurosport_2,2025-10-22,01:30,2025-10-21 22:30:00,2025-10-21 23:00:00,Втора професионална лига: Обзор на кръга,Second Professional League: Round Overview
eurosport_2,2025-10-22,02:00,2025-10-21 23:00:00,2025-10-21 23:30:00,efbet Лига: Обзор на кръга,efbet League: Round Overview
eurosport_2,2025-10-22,02:30,2025-10-21 23:30:00,2025-10-22 00:00:00,Домът на футбола,The home of football
eurosport_2,2025-10-22,03:00,2025-10-22 00:00:00,2025-10-22 00:30:00,Головете на кръга,The goals of the round
eurosport_2,2025-10-22,03:30,2025-10-22 00:30:00,2025-10-22 04:00:00,Героите на кръга,The heroes of the circle
eurosport_2,2025-10-22,07:00,2025-10-22 04:00:00,2025-10-22 06:00:00,Берое - Монтана,Beroe - Montana
eurosport_2,2025-10-22,09:00,2025-10-22 06:00:00,2025-10-22 08:00:00,Арда - Септември,Arda - September
eurosport_2,2025-10-22,11:00,2025-10-22 08:00:00,2025-10-22 10:00:00,Добруджа - ЦСКА,Dobruja - CSKA
eurosport_2,2025-10-22,13:00,2025-10-22 10:00:00,2025-10-22 12:00:00,Черно море - Левски,Black Sea - Levski
eurosport_2,2025-10-22,15:00,2025-10-22 12:00:00,2025-10-22 14:00:00,Локомотив Пловдив - Ботев Враца,Locomotive Plovdiv - Botev Vratsa
eurosport_2,2025-10-22,17:00,2025-10-22 14:00:00,2025-10-22 15:00:00,efbet Лига: Обзор на кръга,efbet League: Round Overview
eurosport_2,2025-10-22,18:00,2025-10-22 15:00:00,2025-10-22 15:30:00,Головете на кръга,The goals of the round
eurosport_2,2025-10-22,18:30,2025-10-22 15:30:00,2025-10-22 16:00:00,Героите на кръга,The heroes of the circle
eurosport_2,2025-10-22,19:00,2025-10-22 16:00:00,2025-10-22 17:00:00,Втора професионална лига: Обзор на кръга,Second Professional League: Round Overview
eurosport_2,2025-10-22,20:00,2025-10-22 17:00:00,2025-10-22 18:00:00,Домът на футбола,The home of football
eurosport_2,2025-10-22,21:00,2025-10-22 18:00:00,2025-10-22 18:30:00,Дневник НБА,NBA Diary
eurosport_2,2025-10-22,21:30,2025-10-22 18:30:00,2025-10-22 20:30:00,Янтра - Локомотив Горна Оряховица,Yantra - Locomotive Gorna Oryahovitsa
eurosport_2,2025-10-22,23:30,2025-10-22 20:30:00,2025-10-22 21:30:00,Локомотив София - ЦСКА 1948,Lokomotiv Sofia - CSKA 1948
diema_sport,2025-10-22,01:00,2025-10-21 22:00:00,2025-10-21 23:00:00,Обзор на кръга в английската Висша Лига,Overview of the round in the English Premier League
diema_sport,2025-10-22,02:00,2025-10-21 23:00:00,2025-10-21 23:00:00,Премиър Лийг Токшоу,Premier League Talk Show
diema_sport,2025-10-22,02:00,2025-10-21 23:00:00,2025-10-21 23:30:00,Бърнли - Лийдс Юнайтед,Burnley - Leeds United
diema_sport,2025-10-22,02:30,2025-10-21 23:30:00,2025-10-22 05:00:00,Оклахома Сити Тъндър - Хюстън Рокетс,Oklahoma City Thunder - Houston Rockets
diema_sport,2025-10-22,08:00,2025-10-22 05:00:00,2025-10-22 05:30:00,Да скъсаш мрежата,To break the net
diema_sport,2025-10-22,08:30,2025-10-22 05:30:00,2025-10-22 07:30:00,Фулъм - Арсенал,Fulham - Arsenal
diema_sport,2025-10-22,10:30,2025-10-22 07:30:00,2025-10-22 08:30:00,Обзор на кръга в английската Висша Лига,Overview of the round in the English Premier League
diema_sport,2025-10-22,11:30,2025-10-22 08:30:00,2025-10-22 10:30:00,Бристъл Сити - Саутхямптън,Bristol City - Southampton
diema_sport,2025-10-22,13:30,2025-10-22 10:30:00,2025-10-22 11:30:00,Премиър Лийг Токшоу,Premier League Talk Show
diema_sport,2025-10-22,14:30,2025-10-22 11:30:00,2025-10-22 14:00:00,Лос Анджелис Лейкърс - Голдън Стейт Уориърс,Los Angeles Lakers - Golden State Warriors
diema_sport,2025-10-22,17:00,2025-10-22 14:00:00,2025-10-22 16:30:00,Оклахома Сити Тъндър - Хюстън Рокетс,Oklahoma City Thunder - Houston Rockets
diema_sport,2025-10-22,19:30,2025-10-22 16:30:00,2025-10-22 17:00:00,Истории от Висшата лига,Stories from the Premier League
diema_sport,2025-10-22,20:00,2025-10-22 17:00:00,2025-10-22 19:00:00,Тотнъм Хотспър - Астън Вила,Tottenham Hotspur - Aston Villa
diema_sport,2025-10-22,22:00,2025-10-22 19:00:00,2025-10-22 20:00:00,Шефилд Уензди - Мидълзбро,Sheffield Wednesday - Middlesbrough
diema_sport_2,2025-10-22,00:00,2025-10-21 21:00:00,2025-10-21 22:00:00,ATP 500: Виена,ATP 500: Vienna
diema_sport_2,2025-10-22,01:00,2025-10-21 22:00:00,2025-10-21 23:00:00,ATP 500: Базел,ATP 500: Basel
diema_sport_2,2025-10-22,02:00,2025-10-21 23:00:00,2025-10-22 00:00:00,ATP 500: Базел,ATP 500: Basel
diema_sport_2,2025-10-22,03:00,2025-10-22 00:00:00,2025-10-22 01:00:00,ATP 500: Базел,ATP 500: Basel
diema_sport_2,2025-10-22,04:00,2025-10-22 01:00:00,2025-10-22 02:00:00,ATP 500: Базел,ATP 500: Basel
diema_sport_2,2025-10-22,05:00,2025-10-22 02:00:00,2025-10-22 03:00:00,ATP 500: Базел,ATP 500: Basel
diema_sport_2,2025-10-22,06:00,2025-10-22 03:00:00,2025-10-22 03:30:00,Trans World Sport,Trans World Sport
diema_sport_2,2025-10-22,06:30,2025-10-22 03:30:00,2025-10-22 05:30:00,ATP 500: Виена,ATP 500: Vienna
diema_sport_2,2025-10-22,08:30,2025-10-22 05:30:00,2025-10-22 07:30:00,ATP 500: Виена,ATP 500: Vienna
diema_sport_2,2025-10-22,10:30,2025-10-22 07:30:00,2025-10-22 09:30:00,ATP 500: Виена,ATP 500: Vienna
diema_sport_2,2025-10-22,12:30,2025-10-22 09:30:00,2025-10-22 11:30:00,ATP 500: Виена,ATP 500: Vienna
diema_sport_2,2025-10-22,14:30,2025-10-22 11:30:00,2025-10-22 13:30:00,"ПРЯКО, ATP 500: Виена","LIVE, ATP 500: Vienna"
diema_sport_2,2025-10-22,16:30,2025-10-22 13:30:00,2025-10-22 15:30:00,"ПРЯКО, ATP 500: Виена","LIVE, ATP 500: Vienna"
diema_sport_2,2025-10-22,18:30,2025-10-22 15:30:00,2025-10-22 17:30:00,"ПРЯКО, ATP 500: Виена","LIVE, ATP 500: Vienna"
diema_sport_2,2025-10-22,20:30,2025-10-22 17:30:00,2025-10-22 18:15:00,Trans World Sport,Trans World Sport
diema_sport_2,2025-10-22,21:15,2025-10-22 18:15:00,2025-10-22 20:15:00,"ПРЯКО, ATP 500: Виена","LIVE, ATP 500: Vienna"
diema_sport_2,2025-10-22,23:15,2025-10-22 20:15:00,2025-10-22 21:15:00,Евролига: Макаби Тел Авив - Реал Мадрид Макаби Тел Авив - Реал Мадрид,Euroleague: Maccabi Tel Aviv - Real Madrid Maccabi Tel Aviv - Real Madrid
max_sport_1_hd,2025-10-22,00:00,2025-10-21 21:00:00,2025-10-21 22:00:00,NHL: Ню Йорк Рейнджърс - Минесота Уайлд Ню Йорк Рейнджърс - Минесота Уайлд,NHL: New York Rangers - Minnesota Wild New York Rangers - Minnesota Wild
max_sport_1_hd,2025-10-22,01:00,2025-10-21 22:00:00,2025-10-21 23:00:00,Световен рали шампионат: Състезание в Централна Европа SS2 Golf und Therme 2,World Rally Championship: SS2 Golf und Therme 2 Central European Race
max_sport_1_hd,2025-10-22,02:00,2025-10-21 23:00:00,2025-10-21 23:00:00,"ПРЯКО, NHL: Отава Сенатърс - Едмънтън Ойлърс Отава Сенатърс - Едмънтън Ойлърс","LIVE, NHL: Ottawa Senators - Edmonton Oilers Ottawa Senators - Edmonton Oilers"
max_sport_1_hd,2025-10-22,02:00,2025-10-21 23:00:00,2025-10-22 00:00:00,Световен рали шампионат: Състезание в Централна Европа SS10 Keply 1,World Rally Championship: Race in Central Europe SS10 Keply 1
max_sport_1_hd,2025-10-22,03:00,2025-10-22 00:00:00,2025-10-22 01:00:00,Световен рали шампионат: Състезание в Централна Европа SS12 Keply 2,World Rally Championship: Race in Central Europe SS12 Keply 2
max_sport_1_hd,2025-10-22,04:00,2025-10-22 01:00:00,2025-10-22 02:00:00,Световен рали шампионат: Състезание в Централна Европа SS16 Muhltal 1,World Rally Championship: Race in Central Europe SS16 Muhltal 1
max_sport_1_hd,2025-10-22,05:00,2025-10-22 02:00:00,2025-10-22 02:00:00,NFL:,NFL:
max_sport_1_hd,2025-10-22,05:00,2025-10-22 02:00:00,2025-10-22 05:00:00,Световен рали шампионат: Състезание в Централна Европа SS18 Muhltal 2 WOLF PS,World Rally Championship: Race in Central Europe SS18 Muhltal 2 WOLF PS
max_sport_1_hd,2025-10-22,08:00,2025-10-22 05:00:00,2025-10-22 09:00:00,Голф: DP World India Championship,Голф: DP World India Championship
max_sport_1_hd,2025-10-22,12:00,2025-10-22 09:00:00,2025-10-22 11:00:00,NHL: Отава Сенатърс - Едмънтън Ойлърс Отава Сенатърс - Едмънтън Ойлърс,NHL: Ottawa Senators - Edmonton Oilers Ottawa Senators - Edmonton Oilers
max_sport_1_hd,2025-10-22,14:00,2025-10-22 11:00:00,2025-10-22 13:30:00,Sesame Национална баскетболна лига: Рилски Спортист - Черно море Рилски Спортист - Черно море,Sesame National Basketball League: Rila Athlete - Black Sea Rila Athlete - Black Sea
max_sport_1_hd,2025-10-22,16:30,2025-10-22 13:30:00,2025-10-22 14:30:00,Удар със стик,Strike with a stick
max_sport_1_hd,2025-10-22,17:30,2025-10-22 14:30:00,2025-10-22 15:30:00,"ПРЯКО, Спорна топка Токшоу","LIVE, Debate Ball Talkshow"
max_sport_1_hd,2025-10-22,18:30,2025-10-22 15:30:00,2025-10-22 16:00:00,Голф: DP World India Championship Обзор на турнира,Golf: DP World India Championship Tournament Overview
max_sport_1_hd,2025-10-22,19:00,2025-10-22 16:00:00,2025-10-22 16:30:00,Голф: Hainan Open Обзор на турнира,Golf: Hainan Open Tournament Review
max_sport_1_hd,2025-10-22,19:30,2025-10-22 16:30:00,2025-10-22 17:00:00,"ПРЯКО, Студио Баскетбол","LIVE, Studio Basketball"
max_sport_1_hd,2025-10-22,20:00,2025-10-22 17:00:00,2025-10-22 18:50:00,"ПРЯКО, Еврокупа: Кемниц - Лондон Лайънс Кемниц - Лондон Лайънс","LIVE, Eurocup: Chemnitz - London Lions Chemnitz - London Lions"
max_sport_1_hd,2025-10-22,21:50,2025-10-22 18:50:00,2025-10-22 19:00:00,"ПРЯКО, Студио Баскетбол","LIVE, Studio Basketball"
max_sport_1_hd,2025-10-22,22:00,2025-10-22 19:00:00,2025-10-22 20:00:00,UFC Fight Night: де Ридер срещу Алън Рейнир де Ридер срещу Брендън Алън,UFC Fight Night: de Ridder vs. Allen Rainier de Ridder vs. Brendan Allen
max_sport_2_hd,2025-10-22,00:00,2025-10-21 21:00:00,2025-10-21 21:20:00,УЕФА Шампионска лига Обзор на кръга,UEFA Champions League Round Overview
max_sport_2_hd,2025-10-22,00:20,2025-10-21 21:20:00,2025-10-21 22:00:00,"ПРЯКО, УЕФА Шампионска лига: Обзор на кръга Обзор на кръга",LIVE UEFA Champions League: Round of 16 Round of 16
max_sport_2_hd,2025-10-22,01:00,2025-10-21 22:00:00,2025-10-21 22:00:00,УЕФА Шампионска лига: Байер Леверкузен - Пари Сен Жермен Трети кръг,UEFA Champions League: Bayer Leverkusen - Paris Saint-Germain Third round
max_sport_2_hd,2025-10-22,01:00,2025-10-21 22:00:00,2025-10-22 00:00:00,УЕФА Шампионска лига: Кайрат - Пафос Трети кръг,UEFA Champions League: Kairat - Paphos Third round
max_sport_2_hd,2025-10-22,03:00,2025-10-22 00:00:00,2025-10-22 00:00:00,Саудитска Професионална Лига: Ал Насър - Ал Фатех Ал Насър - Ал Фатех,Saudi Professional League: Al Nasser - Al Fateh Al Nasser - Al Fateh
max_sport_2_hd,2025-10-22,03:00,2025-10-22 00:00:00,2025-10-22 02:00:00,УЕФА Младежка Шампионска лига: Арсенал - Атлетик Билбао Арсенал - Атлетик Билбао,UEFA Youth Champions League: Arsenal - Athletic Bilbao Arsenal - Athletic Bilbao
max_sport_2_hd,2025-10-22,05:00,2025-10-22 02:00:00,2025-10-22 02:00:00,Калчо мания Токшоу,Calcio mania Talkshow
max_sport_2_hd,2025-10-22,05:00,2025-10-22 02:00:00,2025-10-22 03:00:00,УЕФА Шампионска лига Обзор на кръга,UEFA Champions League Round Overview
max_sport_2_hd,2025-10-22,06:00,2025-10-22 03:00:00,2025-10-22 05:00:00,Серия А: Милан - Фиорентина,Serie A: Milan - Fiorentina
max_sport_2_hd,2025-10-22,08:00,2025-10-22 05:00:00,2025-10-22 07:00:00,Серия А: Комо - Ювентус,Serie A: Como - Juventus
max_sport_2_hd,2025-10-22,10:00,2025-10-22 07:00:00,2025-10-22 08:00:00,Калчо мания Токшоу,Calcio mania Talkshow
max_sport_2_hd,2025-10-22,11:00,2025-10-22 08:00:00,2025-10-22 10:00:00,УЕФА Шампионска лига: Нюкасъл - Бенфика Трети кръг,UEFA Champions League: Newcastle v Benfica Third Round
max_sport_2_hd,2025-10-22,13:00,2025-10-22 10:00:00,2025-10-22 12:00:00,УЕФА Шампионска лига: Виляреал - Манчестър Сити Трети кръг,UEFA Champions League: Villarreal - Manchester City Third Round
max_sport_2_hd,2025-10-22,15:00,2025-10-22 12:00:00,2025-10-22 14:00:00,"ПРЯКО, ATP 500: Базел","LIVE, ATP 500: Basel"
max_sport_2_hd,2025-10-22,17:00,2025-10-22 14:00:00,2025-10-22 16:00:00,"ПРЯКО, ATP 500: Базел","LIVE, ATP 500: Basel"
max_sport_2_hd,2025-10-22,19:00,2025-10-22 16:00:00,2025-10-22 18:00:00,"ПРЯКО, ATP 500: Базел","LIVE, ATP 500: Basel"
max_sport_2_hd,2025-10-22,21:00,2025-10-22 18:00:00,2025-10-22 20:00:00,"ПРЯКО, ATP 500: Базел","LIVE, ATP 500: Basel"
max_sport_2_hd,2025-10-22,23:00,2025-10-22 20:00:00,2025-10-22 21:00:00,Серия А: Обзор 7 кръг Обзор 7 кръг,Series A: Round 7 Overview Round 7 Overview
max_sport_3_hd,2025-10-22,00:00,2025-10-21 21:00:00,2025-10-21 22:00:00,Мейджър Лийг Сокър:,Major League Soccer:
max_sport_3_hd,2025-10-22,01:00,2025-10-21 22:00:00,2025-10-21 23:00:00,Ла Лига: Хетафе - Реал Мадрид,La Liga: Getafe - Real Madrid
max_sport_3_hd,2025-10-22,02:00,2025-10-21 23:00:00,2025-10-21 23:30:00,Ла Лига: Обзор 9 кръг Обзор,La Liga: Overview round 9 Overview
max_sport_3_hd,2025-10-22,02:30,2025-10-21 23:30:00,2025-10-22 00:00:00,LaLiga дневник Токшоу,LaLiga Diary Talk Show
max_sport_3_hd,2025-10-22,03:00,2025-10-22 00:00:00,2025-10-22 00:30:00,Trans World Sport,Trans World Sport
max_sport_3_hd,2025-10-22,03:30,2025-10-22 00:30:00,2025-10-22 00:30:00,"ПРЯКО, Копа Судамерикана: Индепендиенте дел Вале - Атлетико Минейро Полуфинал","LIVE, Copa Sudamericana: Independiente del Valle - Atlético Mineiro Semi-Final"
max_sport_3_hd,2025-10-22,03:30,2025-10-22 00:30:00,2025-10-22 02:30:00,"ПРЯКО, Копа Либертадорес: Фламенго - Расинг Клуб Полуфинал",LIVE Copa Libertadores: Flamengo v Racing Club Semi-Final
max_sport_3_hd,2025-10-22,05:30,2025-10-22 02:30:00,2025-10-22 02:30:00,Trans World Sport,Trans World Sport
max_sport_3_hd,2025-10-22,05:30,2025-10-22 02:30:00,2025-10-22 03:00:00,Ла Лига: Обзор 9 кръг Обзор,La Liga: Overview round 9 Overview
max_sport_3_hd,2025-10-22,06:00,2025-10-22 03:00:00,2025-10-22 05:00:00,Саудитска Професионална Лига: Ал Насър - Ал Фатех Ал Насър - Ал Фатех,Saudi Professional League: Al Nasser - Al Fateh Al Nasser - Al Fateh
max_sport_3_hd,2025-10-22,08:00,2025-10-22 05:00:00,2025-10-22 07:00:00,Ла Лига: Селта - Реал Сосиедад,La Liga: Celta v Real Sociedad
max_sport_3_hd,2025-10-22,10:00,2025-10-22 07:00:00,2025-10-22 09:00:00,Ла Лига: Атлетико Мадрид - Осасуна,La Liga: Atletico Madrid - Osasuna
max_sport_3_hd,2025-10-22,12:00,2025-10-22 09:00:00,2025-10-22 11:00:00,Ла Лига: Алавес - Валенсия,La Liga: Alaves - Valencia
max_sport_3_hd,2025-10-22,14:00,2025-10-22 11:00:00,2025-10-22 13:00:00,Ла Лига 2: Кадис - Бургос,La Liga 2: Cadiz - Burgos
max_sport_3_hd,2025-10-22,16:00,2025-10-22 13:00:00,2025-10-22 14:00:00,LaLiga дневник Токшоу,LaLiga Diary Talk Show
max_sport_3_hd,2025-10-22,17:00,2025-10-22 14:00:00,2025-10-22 16:00:00,Копа Судамерикана: Индепендиенте дел Вале - Атлетико Минейро Полуфинал,Copa Sudamericana: Independiente del Valle - Atlético Mineiro Semi-Final
max_sport_3_hd,2025-10-22,19:00,2025-10-22 16:00:00,2025-10-22 18:05:00,"ПРЯКО, Еврокупа: Бахчешехир Истанбул - Цедевита Любляна Бахчешехир Истанбул - Цедевита Любляна","LIVE, Eurocup: Bahceşehir Istanbul - Cedevita Ljubljana Bahceşehir Istanbul - Cedevita Ljubljana"
max_sport_3_hd,2025-10-22,21:05,2025-10-22 18:05:00,2025-10-22 20:00:00,"ПРЯКО, Евролига: Макаби Тел Авив - Реал Мадрид Макаби Тел Авив - Реал Мадрид","LIVE, Euroleague: Maccabi Tel Aviv - Real Madrid Maccabi Tel Aviv - Real Madrid"
max_sport_3_hd,2025-10-22,23:00,2025-10-22 20:00:00,2025-10-22 21:00:00,Ла Лига: Барселона - Жирона,La Liga: Barcelona - Girona
max_sport_4_hd,2025-10-23,00:20,2025-10-22 21:20:00,2025-10-22 21:20:00,Спортни новини,Sports news
max_sport_4_hd,2025-10-23,00:20,2025-10-22 21:20:00,2025-10-22 21:30:00,Спортни новини,Sports news
max_sport_4_hd,2025-10-23,00:30,2025-10-22 21:30:00,2025-10-22 21:30:00,Световно първенство по лека атлетика,World Championships in Athletics
max_sport_4_hd,2025-10-23,00:30,2025-10-22 21:30:00,2025-10-23 01:00:00,Световно първенство по лека атлетика,World Championships in Athletics
max_sport_4_hd,2025-10-23,04:00,2025-10-23 01:00:00,2025-10-23 01:40:00,Автомобилизъм: GT World Challenge Europe - спринт,Motorsport: GT World Challenge Europe - Sprint
max_sport_4_hd,2025-10-23,04:40,2025-10-23 01:40:00,2025-10-23 02:05:00,FEI Конен спорт,FEI Equestrian
max_sport_4_hd,2025-10-23,05:05,2025-10-23 02:05:00,2025-10-23 02:30:00,One Water Race - екстремна надпревара,One Water Race - an extreme race
max_sport_4_hd,2025-10-23,05:30,2025-10-23 02:30:00,2025-10-23 03:00:00,Рали Португалия,Rally Portugal
max_sport_4_hd,2025-10-23,06:00,2025-10-23 03:00:00,2025-10-23 03:25:00,Спортсмакс,Sportsmax
max_sport_4_hd,2025-10-23,06:25,2025-10-23 03:25:00,2025-10-23 05:15:00,"Волейбол: Марица - Левски София, среща от Националната волейболна Демакс+ лига /жени/","Volleyball: Maritsa - Levski Sofia, match from the National Volleyball Demax+ League /women/"
max_sport_4_hd,2025-10-23,08:15,2025-10-23 05:15:00,2025-10-23 05:30:00,Зала на славата: Любомир Ганев,Hall of Fame: Lyubomir Ganev
max_sport_4_hd,2025-10-23,08:30,2025-10-23 05:30:00,2025-10-23 07:00:00,Тенис: Среща от финалите на световния тенис тур за юноши,Tennis: Match of the finals of the World Junior Tennis Tour
max_sport_4_hd,2025-10-23,10:00,2025-10-23 07:00:00,2025-10-23 08:30:00,Тенис: Среща от финалите на световния тенис тур за юноши,Tennis: Match of the finals of the World Junior Tennis Tour
max_sport_4_hd,2025-10-23,11:30,2025-10-23 08:30:00,2025-10-23 08:55:00,Monster Jam - автомобилно шоу,Monster Jam - Car Show
max_sport_4_hd,2025-10-23,11:55,2025-10-23 08:55:00,2025-10-23 09:20:00,Спартан трифекта световен шампионат,Spartan Trifecta World Championship
max_sport_4_hd,2025-10-23,12:20,2025-10-23 09:20:00,2025-10-23 09:35:00,Зала на славата: Чавдар Цветков,Hall of Fame: Chavdar Tsvetkov
max_sport_4_hd,2025-10-23,12:35,2025-10-23 09:35:00,2025-10-23 13:05:00,Световно първенство по лека атлетика,World Championships in Athletics
max_sport_4_hd,2025-10-23,16:05,2025-10-23 13:05:00,2025-10-23 14:00:00,Пазителите на земята,The guardians of the earth
max_sport_4_hd,2025-10-23,17:00,2025-10-23 14:00:00,2025-10-23 14:15:00,Телепазарен прозорец,Telemarketing window
max_sport_4_hd,2025-10-23,17:15,2025-10-23 14:15:00,2025-10-23 15:15:00,Последният печели,The last one wins
max_sport_4_hd,2025-10-23,18:15,2025-10-23 15:15:00,2025-10-23 16:10:00,Разходка назад във времето: 23 октомври,A Walk Back in Time: October 23rd
max_sport_4_hd,2025-10-23,19:10,2025-10-23 16:10:00,2025-10-23 17:05:00,Колоездачна обиколка на Хърватия,Cycling tour of Croatia
max_sport_4_hd,2025-10-23,20:05,2025-10-23 17:05:00,2025-10-23 18:00:00,Това го знам,I know that
max_sport_4_hd,2025-10-23,21:00,2025-10-23 18:00:00,2025-10-23 18:50:00,Забравени от Бога 3,Forgotten by God 3
max_sport_4_hd,2025-10-23,21:50,2025-10-23 18:50:00,2025-10-23 19:00:00,Спортни новини,Sports news
max_sport_4_hd,2025-10-23,22:00,2025-10-23 19:00:00,2025-10-23 19:50:00,Забравени от Бога 3,Forgotten by God 3
max_sport_4_hd,2025-10-23,22:50,2025-10-23 19:50:00,2025-10-23 20:50:00,Тенис: Среща от финалите на световния тенис тур за юноши,Tennis: Match of the finals of the World Junior Tennis Tour
bnt_3,2025-10-23,00:00,2025-10-22 21:00:00,2025-10-22 21:00:00,УЕФА Шампионска лига: Челси - Аякс,UEFA Champions League: Chelsea - Ajax
bnt_3,2025-10-23,00:00,2025-10-22 21:00:00,2025-10-22 23:00:00,УЕФА Лига Европа: Фенербахче - Щутгард,UEFA Europa League: Fenerbahce - Stuttgart
bnt_3,2025-10-23,02:00,2025-10-22 23:00:00,2025-10-22 23:00:00,УЕФА Шампионска лига: Атлетик Билбао - Карабах,UEFA Champions League: Athletic Bilbao - Qarabag
bnt_3,2025-10-23,02:00,2025-10-22 23:00:00,2025-10-23 01:00:00,УЕФА Лига Европа: Нотингам Форест - Порто,UEFA Europa League: Nottingham Forest - Porto
bnt_3,2025-10-23,04:00,2025-10-23 01:00:00,2025-10-23 01:00:00,УЕФА Шампионска лига: Реал Мадрид - Ювентус,UEFA Champions League: Real Madrid - Juventus
bnt_3,2025-10-23,04:00,2025-10-23 01:00:00,2025-10-23 03:00:00,УЕФА Лига на конференциите: АЕК - Абърдийн,UEFA Conference League: AEK - Aberdeen
bnt_3,2025-10-23,06:00,2025-10-23 03:00:00,2025-10-23 05:00:00,УЕФА Шампионска лига / УЕФА Лига Европа / Лига на конференциите - обзори,UEFA Champions League / UEFA Europa League / Conference League - overviews
bnt_3,2025-10-23,08:00,2025-10-23 05:00:00,2025-10-23 07:00:00,УЕФА Шампионска лига: Атлетик Билбао - Карабах,UEFA Champions League: Athletic Bilbao - Qarabag
bnt_3,2025-10-23,10:00,2025-10-23 07:00:00,2025-10-23 09:00:00,УЕФА Шампионска лига: Челси - Аякс,UEFA Champions League: Chelsea - Ajax
bnt_3,2025-10-23,12:00,2025-10-23 09:00:00,2025-10-23 11:00:00,УЕФА Шампионска лига: Монако - Тотнъм,UEFA Champions League: Monaco - Tottenham
bnt_3,2025-10-23,14:00,2025-10-23 11:00:00,2025-10-23 13:00:00,УЕФА Шампионска лига: Реал Мадрид - Ювентус,UEFA Champions League: Real Madrid - Juventus
bnt_3,2025-10-23,16:00,2025-10-23 13:00:00,2025-10-23 15:00:00,УЕФА Шампионска лига: Айнтрахт - Ливърпул,UEFA Champions League: Eintracht - Liverpool
bnt_3,2025-10-23,18:00,2025-10-23 15:00:00,2025-10-23 16:30:00,УЕФА Шампионска лига - обзори,UEFA Champions League - reviews
bnt_3,2025-10-23,19:30,2025-10-23 16:30:00,2025-10-23 19:00:00,ПРЯКО: УЕФА Лига на конференциите: АЕК - Абърдийн,LIVE: UEFA Conference League: AEK v Aberdeen
bnt_3,2025-10-23,22:00,2025-10-23 19:00:00,2025-10-23 20:00:00,ПРЯКО: УЕФА Лига Европа: Лил - ПАОК,LIVE: UEFA Europa League: Lille - PAOK
ring,2025-10-23,01:15,2025-10-22 22:15:00,2025-10-22 22:30:00,Шабаб Ал Ахли - Насаф,Shabab Al Ahli - Nasaf
ring,2025-10-23,01:30,2025-10-22 22:30:00,2025-10-23 00:15:00,Гамба Осака - Нам Дин,Gamba Osaka - Nam Din
ring,2025-10-23,03:15,2025-10-23 00:15:00,2025-10-23 00:30:00,Еротичен Телепазар,Erotic Telemarket
ring,2025-10-23,03:30,2025-10-23 00:30:00,2025-10-23 04:00:00,Еротичен Телепазар,Erotic Telemarket
ring,2025-10-23,07:00,2025-10-23 04:00:00,2025-10-23 06:00:00,АЕК - ПАОК,AEK - PAOK
ring,2025-10-23,09:00,2025-10-23 06:00:00,2025-10-23 08:00:00,Арис - Панатинайкос,Aris - Panathinaikos
ring,2025-10-23,11:00,2025-10-23 08:00:00,2025-10-23 10:00:00,Гангвон - Висел Кобе,Gangwon-Visel Kobe
ring,2025-10-23,13:00,2025-10-23 10:00:00,2025-10-23 11:55:00,Тампайнс Роувърс - Поханг Стийлърс,Tampines Rovers - Pohang Steelers
ring,2025-10-23,14:55,2025-10-23 11:55:00,2025-10-23 12:15:00,Новини,News
ring,2025-10-23,15:15,2025-10-23 12:15:00,2025-10-23 14:15:00,Банкок Юнайтед - Лайън Сити Сейлърс,Bangkok United - Lion City Sailors
ring,2025-10-23,17:15,2025-10-23 14:15:00,2025-10-23 16:30:00,Шанхай Шенхуа - Сеул,Shanghai Shenhua - Seoul
ring,2025-10-23,19:30,2025-10-23 16:30:00,2025-10-23 17:00:00,Пета четвърт,Fifth quarter
ring,2025-10-23,20:00,2025-10-23 17:00:00,2025-10-23 17:30:00,Квалификации за Световно първенство 2026: Обзор,2026 World Cup Qualifiers: Overview
ring,2025-10-23,20:30,2025-10-23 17:30:00,2025-10-23 18:00:00,Мото Спорт Xtra,Moto Sport Xtra
ring,2025-10-23,21:00,2025-10-23 18:00:00,2025-10-23 18:30:00,Елитна Шампионска лига на Азия: Обзор,Asia Elite Champions League: Overview
ring,2025-10-23,21:30,2025-10-23 18:30:00,2025-10-23 18:35:00,Новини,News
ring,2025-10-23,21:35,2025-10-23 18:35:00,2025-10-23 20:30:00,Aл Уахда - Ал Духаил,Al Wahda - Al Duhail
ring,2025-10-23,23:30,2025-10-23 20:30:00,2025-10-23 21:30:00,Ал Шарджа - Трактор,Al Sharjah - Tractor
nova_sport,2025-10-23,01:00,2025-10-22 22:00:00,2025-10-22 22:00:00,"Колоездене на писта: Световен шампионат в Сантиаго де Чили, директно","Track Cycling: World Championships in Santiago de Chile, live"
nova_sport,2025-10-23,01:00,2025-10-22 22:00:00,2025-10-22 23:40:00,"Колоездене на писта: Световен шампионат в Сантяго де Чили, директно","Track Cycling: World Championships in Santiago de Chile, live"
nova_sport,2025-10-23,02:40,2025-10-22 23:40:00,2025-10-23 00:00:00,"Снукър: Северна Ирландия оупън, втори кръг, повторение",Snooker: Northern Ireland Open second round replay
nova_sport,2025-10-23,03:00,2025-10-23 00:00:00,2025-10-23 01:00:00,"Снукър: Северна Ирландия оупън, трети кръг, повторение",Snooker: Northern Ireland Open third round replay
nova_sport,2025-10-23,04:00,2025-10-23 01:00:00,2025-10-23 01:00:00,"Колоездене: Световно първенство в Кигали, жени, часовник, повторение",Cycling: Kigali World Championships Women's Clock Repeat
nova_sport,2025-10-23,04:00,2025-10-23 01:00:00,2025-10-23 02:00:00,"Колоездене: Световно първенство в Кигали, мъже, часовник, повторение",Cycling: Kigali World Championships Men's Clock Repeat
nova_sport,2025-10-23,05:00,2025-10-23 02:00:00,2025-10-23 02:00:00,"Колоездене на писта: Световен шампионат в Сантиаго де Чили, повторение","Track Cycling: World Championships in Santiago de Chile, repeat"
nova_sport,2025-10-23,05:00,2025-10-23 02:00:00,2025-10-23 03:00:00,"Колоездене на писта: Световен шампионат в Сантяго де Чили, повторение","Track Cycling: World Championships in Santiago de Chile, repeat"
nova_sport,2025-10-23,06:00,2025-10-23 03:00:00,2025-10-23 05:00:00,"Снукър: Северна Ирландия оупън, втори кръг, повторение",Snooker: Northern Ireland Open second round replay
nova_sport,2025-10-23,08:00,2025-10-23 05:00:00,2025-10-23 05:45:00,"Ски алпийски дисциплини: Световен шампионат в Заалбах Хинтерглем, , спускане за комбинация, мъже, повторение","Alpine Skiing: Saalbach Hinterglemm World Championships, , Combined Downhill, Men, Repeat"
nova_sport,2025-10-23,08:45,2025-10-23 05:45:00,2025-10-23 06:30:00,"Ски алпийски дисциплини: Световен шампионат в Заалбах Хинтерглем, , слалом за комбинация, мъже, повторение","Alpine Skiing: Saalbach Hinterglemm World Championships, , Combined Slalom, Men, Repeat"
nova_sport,2025-10-23,09:30,2025-10-23 06:30:00,2025-10-23 08:00:00,"Снукър: Северна Ирландия оупън, втори кръг, повторение",Snooker: Northern Ireland Open second round replay
nova_sport,2025-10-23,11:00,2025-10-23 08:00:00,2025-10-23 09:00:00,"Колоездене на писта: Световен шампионат в Сантиаго де Чили, повторение","Track Cycling: World Championships in Santiago de Chile, repeat"
nova_sport,2025-10-23,12:00,2025-10-23 09:00:00,2025-10-23 11:00:00,"Колоездене: Тур дьо Франс, представяне на маршрута, мъже, директно",Cycling: Tour de France Route Presentation Men's Direct
nova_sport,2025-10-23,14:00,2025-10-23 11:00:00,2025-10-23 12:00:00,"Снукър: Северна Ирландия оупън, втори кръг, повторение",Snooker: Northern Ireland Open second round replay
nova_sport,2025-10-23,15:00,2025-10-23 12:00:00,2025-10-23 16:00:00,"Снукър: Северна Ирландия оупън, трети кръг, директно","Snooker: Northern Ireland Open, third round, direct"
nova_sport,2025-10-23,19:00,2025-10-23 16:00:00,2025-10-23 17:00:00,"Колоездене на писта: Световен шампионат в Сантиаго де Чили, повторение","Track Cycling: World Championships in Santiago de Chile, repeat"
nova_sport,2025-10-23,20:00,2025-10-23 17:00:00,2025-10-23 18:00:00,"Снукър: Северна Ирландия оупън, трети кръг, повторение",Snooker: Northern Ireland Open third round replay
nova_sport,2025-10-23,21:00,2025-10-23 18:00:00,2025-10-23 19:00:00,"Снукър: Северна Ирландия оупън, трети кръг, директно","Snooker: Northern Ireland Open, third round, direct"
eurosport_1,2025-10-23,00:00,2025-10-22 21:00:00,2025-10-22 21:00:00,"Триатлон: PTO Тур в Уолонгонг, повторение","Triathlon: PTO Tour of Walongong, repeat"
eurosport_1,2025-10-23,00:00,2025-10-22 21:00:00,2025-10-22 22:00:00,"Голф: PGA тур, Блек дезърт чемпиъншип, първи ден, директно","Golf: PGA Tour, Black Desert Championship, Day One, Direct"
eurosport_1,2025-10-23,01:00,2025-10-22 22:00:00,2025-10-22 23:30:00,"Снукър: Северна Ирландия оупън, втори кръг, повторение",Snooker: Northern Ireland Open second round replay
eurosport_1,2025-10-23,02:30,2025-10-22 23:30:00,2025-10-23 00:00:00,"Колоездене: Световно първенство в Кигали, жени, часовник, повторение",Cycling: Kigali World Championships Women's Clock Repeat
eurosport_1,2025-10-23,03:00,2025-10-23 00:00:00,2025-10-23 01:00:00,"Колоездене: Световно първенство в Кигали, мъже, часовник, повторение",Cycling: Kigali World Championships Men's Clock Repeat
eurosport_1,2025-10-23,04:00,2025-10-23 01:00:00,2025-10-23 01:00:00,"Снукър: Северна Ирландия оупън, втори кръг, повторение",Snooker: Northern Ireland Open second round replay
eurosport_1,2025-10-23,04:00,2025-10-23 01:00:00,2025-10-23 03:00:00,"Снукър: Северна Ирландия оупън, трети кръг, повторение",Snooker: Northern Ireland Open third round replay
eurosport_1,2025-10-23,06:00,2025-10-23 03:00:00,2025-10-23 04:00:00,"Колоездене: Световно първенство в Кигали, жени, часовник, повторение",Cycling: Kigali World Championships Women's Clock Repeat
eurosport_1,2025-10-23,07:00,2025-10-23 04:00:00,2025-10-23 05:00:00,"Колоездене на писта: Световен шампионат в Сантиаго де Чили, повторение","Track Cycling: World Championships in Santiago de Chile, repeat"
eurosport_1,2025-10-23,08:00,2025-10-23 05:00:00,2025-10-23 06:30:00,"Снукър: Северна Ирландия оупън, втори кръг, повторение",Snooker: Northern Ireland Open second round replay
eurosport_1,2025-10-23,09:30,2025-10-23 06:30:00,2025-10-23 07:00:00,"Колоездене: Световно първенство в Кигали, жени, часовник, повторение",Cycling: Kigali World Championships Women's Clock Repeat
eurosport_1,2025-10-23,10:00,2025-10-23 07:00:00,2025-10-23 08:00:00,"Колоездене на писта: Световен шампионат в Сантиаго де Чили, повторение","Track Cycling: World Championships in Santiago de Chile, repeat"
eurosport_1,2025-10-23,11:00,2025-10-23 08:00:00,2025-10-23 09:00:00,"Триатлон: PTO Тур в Уолонгонг, повторение","Triathlon: PTO Tour of Walongong, repeat"
eurosport_1,2025-10-23,12:00,2025-10-23 09:00:00,2025-10-23 11:00:00,"Снукър: Северна Ирландия оупън, втори кръг, повторение",Snooker: Northern Ireland Open second round replay
eurosport_1,2025-10-23,14:00,2025-10-23 11:00:00,2025-10-23 12:00:00,"Колоездене на писта: Световен шампионат в Сантиаго де Чили, повторение","Track Cycling: World Championships in Santiago de Chile, repeat"
eurosport_1,2025-10-23,15:00,2025-10-23 12:00:00,2025-10-23 13:00:00,"Колоездене: Тур дьо Франс, обзор, мъже, повторение",Cycling: Tour de France overview men replay
eurosport_1,2025-10-23,16:00,2025-10-23 13:00:00,2025-10-23 14:00:00,"Колоездене: Тур дьо Франс, обзор, жени, повторение",Cycling: Tour de France overview women's replay
eurosport_1,2025-10-23,17:00,2025-10-23 14:00:00,2025-10-23 16:00:00,"Колоездене: Тур дьо Франс, представяне на маршрута, мъже, повторение","Cycling: Tour de France, route presentation, men, repeat"
eurosport_1,2025-10-23,19:00,2025-10-23 16:00:00,2025-10-23 17:00:00,"Ски алпийски дисциплини: Световен шампионат в Заалбах Хинтерглем, спускане за комбинация, мъже, повторение",Alpine Skiing: Saalbach Hinterglemm World Championships Combined Downhill Men Repeat
eurosport_1,2025-10-23,20:00,2025-10-23 17:00:00,2025-10-23 18:00:00,"Ски алпийски дисциплини: Световен шампионат в Заалбах Хинтерглем, слалом за комбинация, мъже, повторение",Alpine Skiing: Saalbach Hinterglemm World Championships Combined Slalom Men Repeat
eurosport_1,2025-10-23,21:00,2025-10-23 18:00:00,2025-10-23 19:00:00,"Колоездене на писта: Световен шампионат в Сантиаго де Чили, повторение","Track Cycling: World Championships in Santiago de Chile, repeat"
eurosport_1,2025-10-23,22:00,2025-10-23 19:00:00,2025-10-23 20:00:00,"Колоездене: Тур дьо Франс, представяне на маршрута, мъже, повторение","Cycling: Tour de France, route presentation, men, repeat"
eurosport_2,2025-10-23,01:30,2025-10-22 22:30:00,2025-10-22 22:30:00,Втора професионална лига: Обзор на кръга,Second Professional League: Round Overview
eurosport_2,2025-10-23,01:30,2025-10-22 22:30:00,2025-10-22 23:30:00,efbet Лига: Преди кръга,efbet League: Before the round
eurosport_2,2025-10-23,02:30,2025-10-22 23:30:00,2025-10-23 04:30:00,Домът на футбола,The home of football
eurosport_2,2025-10-23,07:30,2025-10-23 04:30:00,2025-10-23 06:30:00,Добруджа - ЦСКА,Dobruja - CSKA
eurosport_2,2025-10-23,09:30,2025-10-23 06:30:00,2025-10-23 08:30:00,Черно море - Левски,Black Sea - Levski
eurosport_2,2025-10-23,11:30,2025-10-23 08:30:00,2025-10-23 10:30:00,Локомотив София - ЦСКА 1948,Lokomotiv Sofia - CSKA 1948
eurosport_2,2025-10-23,13:30,2025-10-23 10:30:00,2025-10-23 12:30:00,Янтра - Локомотив Горна Оряховица,Yantra - Locomotive Gorna Oryahovitsa
eurosport_2,2025-10-23,15:30,2025-10-23 12:30:00,2025-10-23 13:00:00,Дневник НБА,NBA Diary
eurosport_2,2025-10-23,16:00,2025-10-23 13:00:00,2025-10-23 13:30:00,Головете на кръга,The goals of the round
eurosport_2,2025-10-23,16:30,2025-10-23 13:30:00,2025-10-23 14:00:00,Героите на кръга,The heroes of the circle
eurosport_2,2025-10-23,17:00,2025-10-23 14:00:00,2025-10-23 15:00:00,Втора професионална лига: Обзор на кръга,Second Professional League: Round Overview
eurosport_2,2025-10-23,18:00,2025-10-23 15:00:00,2025-10-23 16:00:00,Домът на футбола,The home of football
eurosport_2,2025-10-23,19:00,2025-10-23 16:00:00,2025-10-23 17:00:00,efbet Лига: Обзор на кръга,efbet League: Round Overview
eurosport_2,2025-10-23,20:00,2025-10-23 17:00:00,2025-10-23 18:00:00,efbet Лига: Преди кръга,efbet League: Before the round
eurosport_2,2025-10-23,21:00,2025-10-23 18:00:00,2025-10-23 18:30:00,Дневник НБА,NBA Diary
eurosport_2,2025-10-23,21:30,2025-10-23 18:30:00,2025-10-23 20:30:00,Лудогорец - Спартак Варна,Ludogorets - Spartak Varna
eurosport_2,2025-10-23,23:30,2025-10-23 20:30:00,2025-10-23 21:30:00,Ботев Пловдив - Славия,Botev Plovdiv - Slavia
diema_sport,2025-10-23,01:00,2025-10-22 22:00:00,2025-10-22 22:30:00,Лига 1: Преди кръга,League 1: Before the round
diema_sport,2025-10-23,01:30,2025-10-22 22:30:00,2025-10-22 23:00:00,NBA Екшън,NBA Action
diema_sport,2025-10-23,02:00,2025-10-22 23:00:00,2025-10-22 23:00:00,Бърнли - Лийдс Юнайтед,Burnley - Leeds United
diema_sport,2025-10-23,02:00,2025-10-22 23:00:00,2025-10-22 23:30:00,Премиър Лийг Токшоу,Premier League Talk Show
diema_sport,2025-10-23,02:30,2025-10-22 23:30:00,2025-10-23 04:00:00,Индиана Пейсърс - Оклахома Сити Тъндър,Indiana Pacers - Oklahoma City Thunder
diema_sport,2025-10-23,07:00,2025-10-23 04:00:00,2025-10-23 06:00:00,Ница - Лион,Nice - Lyon
diema_sport,2025-10-23,09:00,2025-10-23 06:00:00,2025-10-23 08:00:00,Марсилия - Льо Авър,Marseille - Le Havre
diema_sport,2025-10-23,11:00,2025-10-23 08:00:00,2025-10-23 10:00:00,Анже - Монако,Angers - Monaco
diema_sport,2025-10-23,13:00,2025-10-23 10:00:00,2025-10-23 12:30:00,Ню Йорк Никс - Кливланд Кавалиърс,New York Knicks - Cleveland Cavaliers
diema_sport,2025-10-23,15:30,2025-10-23 12:30:00,2025-10-23 15:00:00,Далас Маверикс - Сан Антонио Спърс,Dallas Mavericks - San Antonio Spurs
diema_sport,2025-10-23,18:00,2025-10-23 15:00:00,2025-10-23 15:30:00,Лига 1: Преди кръга,League 1: Before the round
diema_sport,2025-10-23,18:30,2025-10-23 15:30:00,2025-10-23 16:00:00,Висша лига: Голямото интервю,Premier League: The Big Interview
diema_sport,2025-10-23,19:00,2025-10-23 16:00:00,2025-10-23 17:00:00,NBA Екшън,NBA Action
diema_sport,2025-10-23,20:00,2025-10-23 17:00:00,2025-10-23 19:00:00,Шефилд Уензди - Мидълзбро,Sheffield Wednesday - Middlesbrough
diema_sport,2025-10-23,22:00,2025-10-23 19:00:00,2025-10-23 20:00:00,Екзитър Сити - Плимут Аргайл,Exeter City - Plymouth Argyle
diema_sport_2,2025-10-23,00:30,2025-10-22 21:30:00,2025-10-22 22:00:00,ATP 500: Базел,ATP 500: Basel
diema_sport_2,2025-10-23,01:00,2025-10-22 22:00:00,2025-10-22 23:30:00,ATP 500: Базел,ATP 500: Basel
diema_sport_2,2025-10-23,02:30,2025-10-22 23:30:00,2025-10-23 00:00:00,ATP 500: Базел,ATP 500: Basel
diema_sport_2,2025-10-23,03:00,2025-10-23 00:00:00,2025-10-23 01:30:00,ATP 500: Базел,ATP 500: Basel
diema_sport_2,2025-10-23,04:30,2025-10-23 01:30:00,2025-10-23 02:00:00,ATP 500: Базел,ATP 500: Basel
diema_sport_2,2025-10-23,05:00,2025-10-23 02:00:00,2025-10-23 04:00:00,ATP 500: Базел,ATP 500: Basel
diema_sport_2,2025-10-23,07:00,2025-10-23 04:00:00,2025-10-23 06:00:00,ATP 500: Виена,ATP 500: Vienna
diema_sport_2,2025-10-23,09:00,2025-10-23 06:00:00,2025-10-23 08:00:00,ATP 500: Виена,ATP 500: Vienna
diema_sport_2,2025-10-23,11:00,2025-10-23 08:00:00,2025-10-23 10:00:00,ATP 500: Виена,ATP 500: Vienna
diema_sport_2,2025-10-23,13:00,2025-10-23 10:00:00,2025-10-23 12:00:00,"ПРЯКО, ATP 500: Виена","LIVE, ATP 500: Vienna"
diema_sport_2,2025-10-23,15:00,2025-10-23 12:00:00,2025-10-23 14:00:00,"ПРЯКО, ATP 500: Виена","LIVE, ATP 500: Vienna"
diema_sport_2,2025-10-23,17:00,2025-10-23 14:00:00,2025-10-23 16:00:00,"ПРЯКО, ATP 500: Виена","LIVE, ATP 500: Vienna"
diema_sport_2,2025-10-23,19:00,2025-10-23 16:00:00,2025-10-23 18:00:00,"ПРЯКО, ATP 500: Виена","LIVE, ATP 500: Vienna"
diema_sport_2,2025-10-23,21:00,2025-10-23 18:00:00,2025-10-23 19:45:00,"ПРЯКО, Евролига: Апоел Тел Авив - Монако Апоел Тел Авив - Монако","LIVE, Euroleague: Apoel Tel Aviv - Monaco Apoel Tel Aviv - Monaco"
diema_sport_2,2025-10-23,22:45,2025-10-23 19:45:00,2025-10-23 20:45:00,Еврокупа: Кемниц - Лондон Лайънс Кемниц - Лондон Лайънс,Eurocup: Chemnitz - London Lions Chemnitz - London Lions
max_sport_1_hd,2025-10-23,00:30,2025-10-22 21:30:00,2025-10-22 22:00:00,Nascar Cup Series: Състезание в Алабама Състезание в Алабама,Nascar Cup Series: Race in Alabama Race in Alabama
max_sport_1_hd,2025-10-23,01:00,2025-10-22 22:00:00,2025-10-22 23:00:00,Световен рали шампионат: Състезание в Централна Европа SS2 Golf und Therme 2,World Rally Championship: SS2 Golf und Therme 2 Central European Race
max_sport_1_hd,2025-10-23,02:00,2025-10-22 23:00:00,2025-10-23 00:00:00,Световен рали шампионат: Състезание в Централна Европа SS10 Keply 1,World Rally Championship: Race in Central Europe SS10 Keply 1
max_sport_1_hd,2025-10-23,03:00,2025-10-23 00:00:00,2025-10-23 01:00:00,Световен рали шампионат: Състезание в Централна Европа SS12 Keply 2,World Rally Championship: Race in Central Europe SS12 Keply 2
max_sport_1_hd,2025-10-23,04:00,2025-10-23 01:00:00,2025-10-23 01:30:00,Световен рали шампионат: Състезание в Централна Европа SS16 Muhltal 1,World Rally Championship: Race in Central Europe SS16 Muhltal 1
max_sport_1_hd,2025-10-23,04:30,2025-10-23 01:30:00,2025-10-23 02:00:00,Moto GP: Обзор на състезанието за Голямата награда на Австралия Обзор на състезанието за Голямата награда на Австралия,Moto GP: Australian Grand Prix Race Overview Australian Grand Prix Race Overview
max_sport_1_hd,2025-10-23,05:00,2025-10-23 02:00:00,2025-10-23 02:35:00,Световен рали шампионат: Състезание в Централна Европа SS18 Muhltal 2 WOLF PS,World Rally Championship: Race in Central Europe SS18 Muhltal 2 WOLF PS
max_sport_1_hd,2025-10-23,05:35,2025-10-23 02:35:00,2025-10-23 03:30:00,"ПРЯКО, Moto GP: Първа тренировка за Голямата награда на Малайзия Първа тренировка за Голямата награда на Малайзия",LIVE Moto GP: First practice for the Malaysian Grand Prix First practice for the Malaysian Grand Prix
max_sport_1_hd,2025-10-23,06:30,2025-10-23 03:30:00,2025-10-23 04:30:00,Зона волей Токшоу,Zone Volley Talkshow
max_sport_1_hd,2025-10-23,07:30,2025-10-23 04:30:00,2025-10-23 05:00:00,Голф: DP World India Championship Обзор на турнира,Golf: DP World India Championship Tournament Overview
max_sport_1_hd,2025-10-23,08:00,2025-10-23 05:00:00,2025-10-23 07:45:00,Волейбол - Суперкупа'25: Финал,Volleyball - Super Cup'25: Final
max_sport_1_hd,2025-10-23,10:45,2025-10-23 07:45:00,2025-10-23 09:00:00,Спорна топка Токшоу,Debate Ball Talkshow
max_sport_1_hd,2025-10-23,12:00,2025-10-23 09:00:00,2025-10-23 11:00:00,Еврокупа: Кемниц - Лондон Лайънс Кемниц - Лондон Лайънс,Eurocup: Chemnitz - London Lions Chemnitz - London Lions
max_sport_1_hd,2025-10-23,14:00,2025-10-23 11:00:00,2025-10-23 13:00:00,Евролига: Макаби Тел Авив - Реал Мадрид Макаби Тел Авив - Реал Мадрид,Euroleague: Maccabi Tel Aviv - Real Madrid Maccabi Tel Aviv - Real Madrid
max_sport_1_hd,2025-10-23,16:00,2025-10-23 13:00:00,2025-10-23 13:30:00,Удар със стик,Strike with a stick
max_sport_1_hd,2025-10-23,16:30,2025-10-23 13:30:00,2025-10-23 14:30:00,Moto GP: Обзор на състезанието за Голямата награда на Австралия Обзор на състезанието за Голямата награда на Австралия,Moto GP: Australian Grand Prix Race Overview Australian Grand Prix Race Overview
max_sport_1_hd,2025-10-23,17:30,2025-10-23 14:30:00,2025-10-23 15:30:00,Nascar Cup Series: Обзор на състезанието в Алабама Обзор на състезанието в Алабама,Nascar Cup Series: Alabama Race Overview Alabama Race Overview
max_sport_1_hd,2025-10-23,18:30,2025-10-23 15:30:00,2025-10-23 16:45:00,Скорост на Макс Токшоу,Max Talkshow Speed
max_sport_1_hd,2025-10-23,19:45,2025-10-23 16:45:00,2025-10-23 18:30:00,"ПРЯКО, УЕФА Лига Европа: Гоу Ахед Игълс - Астън Вила Трети кръг",LIVE UEFA Europa League: Go Ahead Eagles v Aston Villa Third Round
max_sport_1_hd,2025-10-23,21:30,2025-10-23 18:30:00,2025-10-23 20:30:00,"ПРЯКО, Евролига: Барселона - Жалгирис Барселона - Жалгирис","LIVE, Euroleague: Barcelona - Zalgiris Barcelona - Zalgiris"
max_sport_1_hd,2025-10-23,23:30,2025-10-23 20:30:00,2025-10-23 21:30:00,Trans World Sport,Trans World Sport
max_sport_2_hd,2025-10-23,00:00,2025-10-22 21:00:00,2025-10-22 21:00:00,УЕФА Шампионска лига Обзор на кръга,UEFA Champions League Round Overview
max_sport_2_hd,2025-10-23,00:00,2025-10-22 21:00:00,2025-10-22 21:25:00,Trans World Sport,Trans World Sport
max_sport_2_hd,2025-10-23,00:25,2025-10-22 21:25:00,2025-10-22 22:00:00,"ПРЯКО, УЕФА Лига Европа и Лига на конференциите: Обзор на кръга Обзор на кръга","LIVE, UEFA Europa League and Conference League: Round Round Round Round Round Round Up"
max_sport_2_hd,2025-10-23,01:00,2025-10-22 22:00:00,2025-10-22 22:30:00,УЕФА Шампионска лига: Кайрат - Пафос Трети кръг,UEFA Champions League: Kairat - Paphos Third round
max_sport_2_hd,2025-10-23,01:30,2025-10-22 22:30:00,2025-10-23 00:00:00,ATP 500: Базел,ATP 500: Basel
max_sport_2_hd,2025-10-23,03:00,2025-10-23 00:00:00,2025-10-23 00:30:00,УЕФА Младежка Шампионска лига: Арсенал - Атлетик Билбао Арсенал - Атлетик Билбао,UEFA Youth Champions League: Arsenal - Athletic Bilbao Arsenal - Athletic Bilbao
max_sport_2_hd,2025-10-23,03:30,2025-10-23 00:30:00,2025-10-23 02:00:00,Серия А: Рома - Интер,Serie A: Roma - Inter
max_sport_2_hd,2025-10-23,05:00,2025-10-23 02:00:00,2025-10-23 02:30:00,УЕФА Шампионска лига Обзор на кръга,UEFA Champions League Round Overview
max_sport_2_hd,2025-10-23,05:30,2025-10-23 02:30:00,2025-10-23 03:00:00,Серия А: Екстра Калчо,Serie A: Extra Calcio
max_sport_2_hd,2025-10-23,06:00,2025-10-23 03:00:00,2025-10-23 08:00:00,"ПРЯКО, Голф: Genesis Championship","LIVE, Golf: Genesis Championship"
max_sport_2_hd,2025-10-23,11:00,2025-10-23 08:00:00,2025-10-23 10:00:00,УЕФА Шампионска лига: Барселона - Олимпиакос Трети кръг,UEFA Champions League: Barcelona - Olympiacos Third Round
max_sport_2_hd,2025-10-23,13:00,2025-10-23 10:00:00,2025-10-23 12:00:00,УЕФА Шампионска лига: Арсенал - Атлетик Билбао Трети кръг,UEFA Champions League: Arsenal v Athletic Bilbao Third Round
max_sport_2_hd,2025-10-23,15:00,2025-10-23 12:00:00,2025-10-23 14:00:00,"ПРЯКО, ATP 500: Базел","LIVE, ATP 500: Basel"
max_sport_2_hd,2025-10-23,17:00,2025-10-23 14:00:00,2025-10-23 16:00:00,"ПРЯКО, ATP 500: Базел","LIVE, ATP 500: Basel"
max_sport_2_hd,2025-10-23,19:00,2025-10-23 16:00:00,2025-10-23 18:00:00,"ПРЯКО, ATP 500: Базел","LIVE, ATP 500: Basel"
max_sport_2_hd,2025-10-23,21:00,2025-10-23 18:00:00,2025-10-23 18:30:00,Серия А: Екстра Калчо,Serie A: Extra Calcio
max_sport_2_hd,2025-10-23,21:30,2025-10-23 18:30:00,2025-10-23 19:00:00,"ПРЯКО, Студио Футбол","LIVE, Studio Football"
max_sport_2_hd,2025-10-23,22:00,2025-10-23 19:00:00,2025-10-23 20:45:00,"ПРЯКО, УЕФА Лига Европа: Йънг Бойс - Лудогорец Трети кръг","LIVE, UEFA Europa League: Young Boys - Ludogorets Third Round"
max_sport_2_hd,2025-10-23,23:45,2025-10-23 20:45:00,2025-10-23 21:45:00,"ПРЯКО, Студио Футбол","LIVE, Studio Football"
max_sport_3_hd,2025-10-23,00:00,2025-10-22 21:00:00,2025-10-22 22:00:00,УЕФА Шампионска лига Обзор на кръга,UEFA Champions League Round Overview
max_sport_3_hd,2025-10-23,01:00,2025-10-22 22:00:00,2025-10-22 22:00:00,Ла Лига: Хетафе - Реал Мадрид,La Liga: Getafe - Real Madrid
max_sport_3_hd,2025-10-23,01:00,2025-10-22 22:00:00,2025-10-23 00:00:00,"ПРЯКО, Копа Судамерикана: Универсидад Чили - Ланус Полуфинал",LIVE Copa Sudamericana: Universidad Chile - Lanus Semi-Final
max_sport_3_hd,2025-10-23,03:00,2025-10-23 00:00:00,2025-10-23 00:00:00,Trans World Sport,Trans World Sport
max_sport_3_hd,2025-10-23,03:00,2025-10-23 00:00:00,2025-10-23 00:30:00,Ла Лига: Обзор 9 кръг Обзор,La Liga: Overview round 9 Overview
max_sport_3_hd,2025-10-23,03:30,2025-10-23 00:30:00,2025-10-23 00:30:00,"ПРЯКО, Копа Либертадорес: Фламенго - Расинг Клуб Полуфинал",LIVE Copa Libertadores: Flamengo v Racing Club Semi-Final
max_sport_3_hd,2025-10-23,03:30,2025-10-23 00:30:00,2025-10-23 02:30:00,"ПРЯКО, Копа Либертадорес: Лига де Кито - Палмейрас Полуфинал",LIVE Copa Libertadores: Liga de Quito v Palmeiras Semi-Final
max_sport_3_hd,2025-10-23,05:30,2025-10-23 02:30:00,2025-10-23 02:30:00,Ла Лига: Обзор 9 кръг Обзор,La Liga: Overview round 9 Overview
max_sport_3_hd,2025-10-23,05:30,2025-10-23 02:30:00,2025-10-23 03:00:00,Ла Лига: Алавес - Валенсия,La Liga: Alaves - Valencia
max_sport_3_hd,2025-10-23,06:00,2025-10-23 03:00:00,2025-10-23 05:00:00,Мейджър Лийг Сокър:,Major League Soccer:
max_sport_3_hd,2025-10-23,08:00,2025-10-23 05:00:00,2025-10-23 07:00:00,Ла Лига: Севиля - Майорка,La Liga: Sevilla - Mallorca
max_sport_3_hd,2025-10-23,10:00,2025-10-23 07:00:00,2025-10-23 09:00:00,Саудитска Професионална Лига: Ал Насър - Ал Фатех Ал Насър - Ал Фатех,Saudi Professional League: Al Nasser - Al Fateh Al Nasser - Al Fateh
max_sport_3_hd,2025-10-23,12:00,2025-10-23 09:00:00,2025-10-23 11:00:00,Ла Лига: Селта - Реал Сосиедад,La Liga: Celta v Real Sociedad
max_sport_3_hd,2025-10-23,14:00,2025-10-23 11:00:00,2025-10-23 11:30:00,Ла Лига: Обзор 9 кръг Обзор,La Liga: Overview round 9 Overview
max_sport_3_hd,2025-10-23,14:30,2025-10-23 11:30:00,2025-10-23 12:30:00,LaLiga дневник Токшоу,LaLiga Diary Talk Show
max_sport_3_hd,2025-10-23,15:30,2025-10-23 12:30:00,2025-10-23 14:30:00,Ла Лига: Барселона - Жирона,La Liga: Barcelona - Girona
max_sport_3_hd,2025-10-23,17:30,2025-10-23 14:30:00,2025-10-23 16:45:00,Копа Либертадорес: Фламенго - Расинг Клуб Полуфинал,Copa Libertadores: Flamengo - Racing Club Semi-Final
max_sport_3_hd,2025-10-23,19:45,2025-10-23 16:45:00,2025-10-23 19:00:00,"ПРЯКО, УЕФА Лига Европа: Фейенорд - Панатинайкос Трети кръг",LIVE UEFA Europa League: Feyenoord v Panathinaikos Third Round
max_sport_3_hd,2025-10-23,22:00,2025-10-23 19:00:00,2025-10-23 20:00:00,"ПРЯКО, УЕФА Лига Европа: Рома - Виктория Пилзен Трети кръг",LIVE UEFA Europa League: Roma v Viktoria Pilsen Third Round
max_sport_4_hd,2025-10-24,00:20,2025-10-23 21:20:00,2025-10-23 21:20:00,Спортни новини,Sports news
max_sport_4_hd,2025-10-24,00:20,2025-10-23 21:20:00,2025-10-23 21:30:00,Спортни новини,Sports news
max_sport_4_hd,2025-10-24,00:30,2025-10-23 21:30:00,2025-10-23 21:30:00,Световно първенство по лека атлетика,World Championships in Athletics
max_sport_4_hd,2025-10-24,00:30,2025-10-23 21:30:00,2025-10-24 00:55:00,Световно първенство по лека атлетика,World Championships in Athletics
max_sport_4_hd,2025-10-24,03:55,2025-10-24 00:55:00,2025-10-24 01:00:00,Автомобилизъм: GT World Challenge Europe - спринт,Motorsport: GT World Challenge Europe - Sprint
max_sport_4_hd,2025-10-24,04:00,2025-10-24 01:00:00,2025-10-24 02:20:00,Автомобилизъм: GT World Challenge Europe - спринт,Motorsport: GT World Challenge Europe - Sprint
max_sport_4_hd,2025-10-24,05:20,2025-10-24 02:20:00,2025-10-24 02:30:00,Колоездачна обиколка на Чехия,Cycling tour of the Czech Republic
max_sport_4_hd,2025-10-24,05:30,2025-10-24 02:30:00,2025-10-24 02:55:00,Рали Португалия,Rally Portugal
max_sport_4_hd,2025-10-24,05:55,2025-10-24 02:55:00,2025-10-24 03:00:00,Аз съм...,I am...
max_sport_4_hd,2025-10-24,06:00,2025-10-24 03:00:00,2025-10-24 03:55:00,Ветроходство: Гран при на Сен Тропе,Sailing: Grand Prix of Saint Tropez
max_sport_4_hd,2025-10-24,06:55,2025-10-24 03:55:00,2025-10-24 04:10:00,Зала на славата: Андон Николов,Hall of Fame: Andon Nikolov
max_sport_4_hd,2025-10-24,07:10,2025-10-24 04:10:00,2025-10-24 05:05:00,Колоездачна обиколка на Германия,Cycling tour of Germany
max_sport_4_hd,2025-10-24,08:05,2025-10-24 05:05:00,2025-10-24 05:30:00,Световно шахматно шоу,World Chess Show
max_sport_4_hd,2025-10-24,08:30,2025-10-24 05:30:00,2025-10-24 07:00:00,Тенис: Среща от финалите на световния тенис тур за юноши,Tennis: Match of the finals of the World Junior Tennis Tour
max_sport_4_hd,2025-10-24,10:00,2025-10-24 07:00:00,2025-10-24 08:30:00,Тенис: Среща от финалите на световния тенис тур за юноши,Tennis: Match of the finals of the World Junior Tennis Tour
max_sport_4_hd,2025-10-24,11:30,2025-10-24 08:30:00,2025-10-24 09:00:00,Рали Португалия,Rally Portugal
max_sport_4_hd,2025-10-24,12:00,2025-10-24 09:00:00,2025-10-24 09:25:00,L'Etape Bulgaria by Tour de France,L’Etape Bulgaria by Tour de France
max_sport_4_hd,2025-10-24,12:25,2025-10-24 09:25:00,2025-10-24 09:40:00,Зала на славата: Евладия Славчева,Hall of Fame: Evladia Slavcheva
max_sport_4_hd,2025-10-24,12:40,2025-10-24 09:40:00,2025-10-24 13:05:00,Световно първенство по лека атлетика,World Championships in Athletics
max_sport_4_hd,2025-10-24,16:05,2025-10-24 13:05:00,2025-10-24 14:00:00,Разходка назад във времето: 23 октомври,A Walk Back in Time: October 23rd
max_sport_4_hd,2025-10-24,17:00,2025-10-24 14:00:00,2025-10-24 14:15:00,Телепазарен прозорец,Telemarketing window
max_sport_4_hd,2025-10-24,17:15,2025-10-24 14:15:00,2025-10-24 15:15:00,Последният печели,The last one wins
max_sport_4_hd,2025-10-24,18:15,2025-10-24 15:15:00,2025-10-24 15:40:00,Една различна Италия 2,A different Italy 2
max_sport_4_hd,2025-10-24,18:40,2025-10-24 15:40:00,2025-10-24 16:35:00,One Water Race - екстремна надпревара,One Water Race - an extreme race
max_sport_4_hd,2025-10-24,19:35,2025-10-24 16:35:00,2025-10-24 17:05:00,Extreme Е: Пустинно Екс-при,Extreme E: Desert Ex-pre
max_sport_4_hd,2025-10-24,20:05,2025-10-24 17:05:00,2025-10-24 17:30:00,Monster Jam - автомобилно шоу,Monster Jam - Car Show
max_sport_4_hd,2025-10-24,20:30,2025-10-24 17:30:00,2025-10-24 18:00:00,Време за губене,Time to waste
max_sport_4_hd,2025-10-24,21:00,2025-10-24 18:00:00,2025-10-24 18:50:00,Забравени от Бога 3,Forgotten by God 3
max_sport_4_hd,2025-10-24,21:50,2025-10-24 18:50:00,2025-10-24 19:00:00,Спортни новини,Sports news
max_sport_4_hd,2025-10-24,22:00,2025-10-24 19:00:00,2025-10-24 19:50:00,Забравени от Бога 3,Forgotten by God 3
max_sport_4_hd,2025-10-24,22:50,2025-10-24 19:50:00,2025-10-24 20:50:00,Тенис: Среща от финалите на световния тенис тур за юноши,Tennis: Match of the finals of the World Junior Tennis Tour
bnt_3,2025-10-24,00:00,2025-10-23 21:00:00,2025-10-23 23:00:00,УЕФА Лига Европа: Фенербахче - Щутгард,UEFA Europa League: Fenerbahce - Stuttgart
bnt_3,2025-10-24,02:00,2025-10-23 23:00:00,2025-10-24 01:00:00,УЕФА Лига Европа: Нотингам Форест - Порто,UEFA Europa League: Nottingham Forest - Porto
bnt_3,2025-10-24,04:00,2025-10-24 01:00:00,2025-10-24 03:00:00,УЕФА Лига на конференциите: АЕК - Абърдийн,UEFA Conference League: AEK - Aberdeen
bnt_3,2025-10-24,06:00,2025-10-24 03:00:00,2025-10-24 05:00:00,УЕФА Шампионска лига / УЕФА Лига Европа / Лига на конференциите - обзори,UEFA Champions League / UEFA Europa League / Conference League - overviews
bnt_3,2025-10-24,08:00,2025-10-24 05:00:00,2025-10-24 07:00:00,УЕФА Шампионска лига: Реал Мадрид - Ювентус,UEFA Champions League: Real Madrid - Juventus
bnt_3,2025-10-24,10:00,2025-10-24 07:00:00,2025-10-24 09:00:00,УЕФА Лига Европа: Фенербахче - Щутгард,UEFA Europa League: Fenerbahce - Stuttgart
bnt_3,2025-10-24,12:00,2025-10-24 09:00:00,2025-10-24 11:00:00,УЕФА Лига Европа: Нотингам Форест - Порто,UEFA Europa League: Nottingham Forest - Porto
bnt_3,2025-10-24,14:00,2025-10-24 11:00:00,2025-10-24 13:00:00,УЕФА Лига на конференциите: АЕК - Абърдийн,UEFA Conference League: AEK - Aberdeen
bnt_3,2025-10-24,16:00,2025-10-24 13:00:00,2025-10-24 15:00:00,УЕФА Лига Европа: Лил - ПАОК,UEFA Europa League: Lille - PAOK
bnt_3,2025-10-24,18:00,2025-10-24 15:00:00,2025-10-24 16:00:00,УЕФА Лига Европа / Лига на конференциите - обзори,UEFA Europa League / Conference League - overviews
bnt_3,2025-10-24,19:00,2025-10-24 16:00:00,2025-10-24 17:00:00,УЕФА Шампионска лига - обзори,UEFA Champions League - reviews
bnt_3,2025-10-24,20:00,2025-10-24 17:00:00,2025-10-24 17:30:00,УЕФА Шампионска лига - магазинно предаване,UEFA Champions League - shop show
bnt_3,2025-10-24,20:30,2025-10-24 17:30:00,2025-10-24 18:30:00,"Нидерландия, Ередивизии - обзор 9.кр","Netherlands, Eredivisie - review 9.kr"
bnt_3,2025-10-24,21:30,2025-10-24 18:30:00,2025-10-24 19:30:00,"Шотландия, Висша лига - обзор 8.кр","Scotland, Premier League - overview 8.cr"
bnt_3,2025-10-24,22:30,2025-10-24 19:30:00,2025-10-24 20:30:00,Бойни вечери,Battle nights
ring,2025-10-24,01:30,2025-10-23 22:30:00,2025-10-23 22:45:00,Гамба Осака - Нам Дин,Gamba Osaka - Nam Din
ring,2025-10-24,01:45,2025-10-23 22:45:00,2025-10-24 00:30:00,Бристъл Сити - Саутхямптън,Bristol City - Southampton
ring,2025-10-24,03:30,2025-10-24 00:30:00,2025-10-24 00:45:00,Еротичен Телепазар,Erotic Telemarket
ring,2025-10-24,03:45,2025-10-24 00:45:00,2025-10-24 04:30:00,Еротичен Телепазар,Erotic Telemarket
ring,2025-10-24,07:30,2025-10-24 04:30:00,2025-10-24 06:30:00,Ал Ахли - Аркадаг,Al Ahli - Arkadag
ring,2025-10-24,09:30,2025-10-24 06:30:00,2025-10-24 08:30:00,Тампайнс Роувърс - Поханг Стийлърс,Tampines Rovers - Pohang Steelers
ring,2025-10-24,11:30,2025-10-24 08:30:00,2025-10-24 10:30:00,Банкок Юнайтед - Лайън Сити Сейлърс,Bangkok United - Lion City Sailors
ring,2025-10-24,13:30,2025-10-24 10:30:00,2025-10-24 12:25:00,Гоа - Ал Насър,Goa - Al Nasser
ring,2025-10-24,15:25,2025-10-24 12:25:00,2025-10-24 12:30:00,Новини,News
ring,2025-10-24,15:30,2025-10-24 12:30:00,2025-10-24 14:30:00,Екзитър Сити - Плимут Аргайл,Exeter City - Plymouth Argyle
ring,2025-10-24,17:30,2025-10-24 14:30:00,2025-10-24 15:00:00,Мото Спорт Xtra,Moto Sport Xtra
ring,2025-10-24,18:00,2025-10-24 15:00:00,2025-10-24 15:30:00,Елитна Шампионска лига на Азия: Обзор,Asia Elite Champions League: Overview
ring,2025-10-24,18:30,2025-10-24 15:30:00,2025-10-24 16:00:00,Шампионска лига на Азия 2: Обзор,Asian Champions League 2: Overview
ring,2025-10-24,19:00,2025-10-24 16:00:00,2025-10-24 16:30:00,Студио Бундеслига,Studio Bundesliga
ring,2025-10-24,19:30,2025-10-24 16:30:00,2025-10-24 18:30:00,Гройтер Фюрт - Карлсруе,Greuther Furth - Karlsruhe
ring,2025-10-24,21:30,2025-10-24 18:30:00,2025-10-24 20:25:00,Вердер Бремен - Унион Берлин,Werder Bremen - Union Berlin
ring,2025-10-24,23:25,2025-10-24 20:25:00,2025-10-24 20:45:00,Студио Бундеслига,Studio Bundesliga
ring,2025-10-24,23:45,2025-10-24 20:45:00,2025-10-24 21:45:00,Шефилд Уензди - Мидълзбро,Sheffield Wednesday - Middlesbrough
nova_sport,2025-10-24,01:00,2025-10-23 22:00:00,2025-10-24 00:00:00,"Колоездене на писта: Световен шампионат в Сантяго де Чили, директно","Track Cycling: World Championships in Santiago de Chile, live"
nova_sport,2025-10-24,03:00,2025-10-24 00:00:00,2025-10-24 01:00:00,"Снукър: Северна Ирландия оупън, трети кръг, повторение",Snooker: Northern Ireland Open third round replay
nova_sport,2025-10-24,04:00,2025-10-24 01:00:00,2025-10-24 02:00:00,"Колоездене: Световно първенство в Кигали, мъже, часовник, повторение",Cycling: Kigali World Championships Men's Clock Repeat
nova_sport,2025-10-24,05:00,2025-10-24 02:00:00,2025-10-24 03:00:00,"Колоездене на писта: Световен шампионат в Сантяго де Чили, повторение","Track Cycling: World Championships in Santiago de Chile, repeat"
nova_sport,2025-10-24,06:00,2025-10-24 03:00:00,2025-10-24 05:00:00,"Снукър: Северна Ирландия оупън, трети кръг, повторение",Snooker: Northern Ireland Open third round replay
nova_sport,2025-10-24,08:00,2025-10-24 05:00:00,2025-10-24 05:45:00,"Ски алпийски дисциплини: Световен шампионат в Заалбах Хинтерглем, втори манш, слалом, жени, повторение",Alpine Skiing: Saalbach Hinterglemm World Championships Second Run Women's Slalom Repeat
nova_sport,2025-10-24,08:45,2025-10-24 05:45:00,2025-10-24 06:30:00,"Ски алпийски дисциплини: Световен шампионат в Заалбах Хинтерглем, втори манш, слалом, мъже, повторение",Alpine Skiing: Saalbach Hinterglemm World Championships Second Run Men's Slalom Repeat
nova_sport,2025-10-24,09:30,2025-10-24 06:30:00,2025-10-24 08:00:00,"Снукър: Северна Ирландия оупън, трети кръг, повторение",Snooker: Northern Ireland Open third round replay
nova_sport,2025-10-24,11:00,2025-10-24 08:00:00,2025-10-24 09:30:00,"Колоездене на писта: Световен шампионат в Сантяго де Чили, повторение","Track Cycling: World Championships in Santiago de Chile, repeat"
nova_sport,2025-10-24,12:30,2025-10-24 09:30:00,2025-10-24 10:45:00,"Снукър: Северна Ирландия оупън, трети кръг, повторение",Snooker: Northern Ireland Open third round replay
nova_sport,2025-10-24,13:45,2025-10-24 10:45:00,2025-10-24 17:00:00,"Снукър: Северна Ирландия оупън, четвъртфинал, директно",Snooker: Northern Ireland Open quarter-final straight
nova_sport,2025-10-24,20:00,2025-10-24 17:00:00,2025-10-24 17:45:00,"Колоездене на писта: Световен шампионат в Сантяго де Чили, повторение","Track Cycling: World Championships in Santiago de Chile, repeat"
nova_sport,2025-10-24,20:45,2025-10-24 17:45:00,2025-10-24 18:45:00,"Снукър: Северна Ирландия оупън, четвъртфинал, директно",Snooker: Northern Ireland Open quarter-final straight
eurosport_1,2025-10-24,00:00,2025-10-23 21:00:00,2025-10-24 00:00:00,"Голф: PGA тур, Блек дезърт чемпиъншип, първи ден, директно","Golf: PGA Tour, Black Desert Championship, Day One, Direct"
eurosport_1,2025-10-24,03:00,2025-10-24 00:00:00,2025-10-24 01:00:00,"Колоездене: Световно първенство в Кигали, мъже, часовник, повторение",Cycling: Kigali World Championships Men's Clock Repeat
eurosport_1,2025-10-24,04:00,2025-10-24 01:00:00,2025-10-24 03:00:00,"Снукър: Северна Ирландия оупън, трети кръг, повторение",Snooker: Northern Ireland Open third round replay
eurosport_1,2025-10-24,06:00,2025-10-24 03:00:00,2025-10-24 04:00:00,"Колоездене: Световно първенство в Кигали, мъже, часовник, повторение",Cycling: Kigali World Championships Men's Clock Repeat
eurosport_1,2025-10-24,07:00,2025-10-24 04:00:00,2025-10-24 05:00:00,"Колоездене на писта: Световен шампионат в Сантяго де Чили, повторение","Track Cycling: World Championships in Santiago de Chile, repeat"
eurosport_1,2025-10-24,08:00,2025-10-24 05:00:00,2025-10-24 06:30:00,"Снукър: Северна Ирландия оупън, трети кръг, повторение",Snooker: Northern Ireland Open third round replay
eurosport_1,2025-10-24,09:30,2025-10-24 06:30:00,2025-10-24 06:45:00,"Силата на спорта, магазинно предаване","The power of sports, store show"
eurosport_1,2025-10-24,09:45,2025-10-24 06:45:00,2025-10-24 08:05:00,"Фигурно пързаляне: Гран При в Китай, кратка програма, танцови двойки, директно","Figure Skating: Grand Prix in China, Short Program, Dance Pairs, Direct"
eurosport_1,2025-10-24,11:05,2025-10-24 08:05:00,2025-10-24 08:25:00,"Ски алпийски дисциплини: Световен шампионат в Заалбах Хинтерглем, втори манш, слалом, жени, повторение",Alpine Skiing: Saalbach Hinterglemm World Championships Second Run Women's Slalom Repeat
eurosport_1,2025-10-24,11:25,2025-10-24 08:25:00,2025-10-24 09:55:00,"Фигурно пързаляне: Гран При в Китай, кратка програма, жени, директно","Figure Skating: Grand Prix of China, Short Program, Women, Direct"
eurosport_1,2025-10-24,12:55,2025-10-24 09:55:00,2025-10-24 10:30:00,"Ски алпийски дисциплини: Световен шампионат в Заалбах Хинтерглем, първи манш, слалом, мъже, повторение",Alpine Skiing: Saalbach Hinterglemm World Championships First Run Men's Slalom Repeat
eurosport_1,2025-10-24,13:30,2025-10-24 10:30:00,2025-10-24 11:00:00,"Ски алпийски дисциплини: Световен шампионат в Заалбах Хинтерглем, втори манш, слалом, мъже, повторение",Alpine Skiing: Saalbach Hinterglemm World Championships Second Run Men's Slalom Repeat
eurosport_1,2025-10-24,14:00,2025-10-24 11:00:00,2025-10-24 12:30:00,"Фигурно пързаляне: Гран При в Китай, кратка програма, мъже, директно","Figure Skating: Grand Prix of China, Short Program, Men, Direct"
eurosport_1,2025-10-24,15:30,2025-10-24 12:30:00,2025-10-24 12:50:00,"Фигурно пързаляне: Гран При в Китай, кратка програма, жени, повторение","Figure Skating: Grand Prix of China, Short Program, Women, Repeat"
eurosport_1,2025-10-24,15:50,2025-10-24 12:50:00,2025-10-24 13:55:00,"Фигурно пързаляне: Гран При в Китай, кратка програма, спортни двойки, директно","Figure Skating: Grand Prix in China, Short Program, Sports Pairs, Direct"
eurosport_1,2025-10-24,16:55,2025-10-24 13:55:00,2025-10-24 14:30:00,"Ски алпийски дисциплини: Световен шампионат в Заалбах Хинтерглем, спускане, мъже, повторение",Alpine Skiing: Saalbach Hinterglemm World Championships Downhill Men's Repeat
eurosport_1,2025-10-24,17:30,2025-10-24 14:30:00,2025-10-24 16:00:00,"Колоездене на писта: Световен шампионат в Сантяго де Чили, повторение","Track Cycling: World Championships in Santiago de Chile, repeat"
eurosport_1,2025-10-24,19:00,2025-10-24 16:00:00,2025-10-24 17:00:00,"Фигурно пързаляне: Гран При в Китай, кратка програма, жени, повторение","Figure Skating: Grand Prix of China, Short Program, Women, Repeat"
eurosport_1,2025-10-24,20:00,2025-10-24 17:00:00,2025-10-24 18:00:00,"Фигурно пързаляне: Гран При в Китай, кратка програма, мъже, повторение","Figure Skating: Grand Prix of China, Short Program, Men, Repeat"
eurosport_1,2025-10-24,21:00,2025-10-24 18:00:00,2025-10-24 19:30:00,"Колоездене на писта: Световен шампионат в Сантяго де Чили, повторение","Track Cycling: World Championships in Santiago de Chile, repeat"
eurosport_1,2025-10-24,22:30,2025-10-24 19:30:00,2025-10-24 20:30:00,"Колоездене: Световно първенство в Кигали, мъже, часовник, повторение",Cycling: Kigali World Championships Men's Clock Repeat
eurosport_2,2025-10-24,01:00,2025-10-23 22:00:00,2025-10-23 22:30:00,ONE Петъчни битки 129,ONE Friday Fights 129
eurosport_2,2025-10-24,01:30,2025-10-23 22:30:00,2025-10-24 04:00:00,efbet Лига: Преди кръга,efbet League: Before the round
eurosport_2,2025-10-24,07:00,2025-10-24 04:00:00,2025-10-24 05:00:00,Втора професионална лига: Обзор на кръга,Second Professional League: Round Overview
eurosport_2,2025-10-24,08:00,2025-10-24 05:00:00,2025-10-24 06:00:00,Домът на футбола,The home of football
eurosport_2,2025-10-24,09:00,2025-10-24 06:00:00,2025-10-24 07:00:00,efbet Лига: Обзор на кръга,efbet League: Round Overview
eurosport_2,2025-10-24,10:00,2025-10-24 07:00:00,2025-10-24 09:00:00,Лудогорец - Спартак Варна,Ludogorets - Spartak Varna
eurosport_2,2025-10-24,12:00,2025-10-24 09:00:00,2025-10-24 09:30:00,Головете на кръга,The goals of the round
eurosport_2,2025-10-24,12:30,2025-10-24 09:30:00,2025-10-24 10:00:00,Героите на кръга,The heroes of the circle
eurosport_2,2025-10-24,13:00,2025-10-24 10:00:00,2025-10-24 10:30:00,Дневник НБА,NBA Diary
eurosport_2,2025-10-24,13:30,2025-10-24 10:30:00,2025-10-24 11:30:00,efbet Лига: Преди кръга,efbet League: Before the round
eurosport_2,2025-10-24,14:30,2025-10-24 11:30:00,2025-10-24 12:00:00,Студио efbet Лига футбол,Studio efbet League football
eurosport_2,2025-10-24,15:00,2025-10-24 12:00:00,2025-10-24 13:55:00,Монтана - Арда,Montana - Arda
eurosport_2,2025-10-24,16:55,2025-10-24 13:55:00,2025-10-24 14:30:00,Студио efbet Лига футбол,Studio efbet League football
eurosport_2,2025-10-24,17:30,2025-10-24 14:30:00,2025-10-24 16:25:00,Спартак Варна - Ботев Пловдив,Spartak Varna - Botev Plovdiv
eurosport_2,2025-10-24,19:25,2025-10-24 16:25:00,2025-10-24 17:00:00,Студио efbet Лига футбол,Studio efbet League football
eurosport_2,2025-10-24,20:00,2025-10-24 17:00:00,2025-10-24 18:55:00,Локовотив София - Локомотив Пловдив,Lokomotiv Sofia - Lokomotiv Plovdiv
eurosport_2,2025-10-24,21:55,2025-10-24 18:55:00,2025-10-24 19:30:00,Студио efbet Лига футбол,Studio efbet League football
eurosport_2,2025-10-24,22:30,2025-10-24 19:30:00,2025-10-24 20:00:00,Дневник НБА,NBA Diary
eurosport_2,2025-10-24,23:00,2025-10-24 20:00:00,2025-10-24 21:00:00,Париж ФК - Нант,Paris FC - Nantes
diema_sport,2025-10-24,00:15,2025-10-23 21:15:00,2025-10-23 22:00:00,Реал Мадрид - Бургос,Real Madrid - Burgos
diema_sport,2025-10-24,01:00,2025-10-23 22:00:00,2025-10-23 22:30:00,Лига 1: Преди кръга,League 1: Before the round
diema_sport,2025-10-24,01:30,2025-10-23 22:30:00,2025-10-23 23:00:00,NBA Екшън,NBA Action
diema_sport,2025-10-24,02:00,2025-10-23 23:00:00,2025-10-23 23:15:00,Премиър Лийг Токшоу,Premier League Talk Show
diema_sport,2025-10-24,02:15,2025-10-23 23:15:00,2025-10-23 23:30:00,Уникаха - Барселона,Unicaja - Barcelona
diema_sport,2025-10-24,02:30,2025-10-23 23:30:00,2025-10-24 04:30:00,Индиана Пейсърс - Оклахома Сити Тъндър,Indiana Pacers - Oklahoma City Thunder
diema_sport,2025-10-24,07:30,2025-10-24 04:30:00,2025-10-24 07:00:00,Далас Маверикс - Сан Антонио Спърс,Dallas Mavericks - San Antonio Spurs
diema_sport,2025-10-24,10:00,2025-10-24 07:00:00,2025-10-24 08:00:00,NBA Екшън,NBA Action
diema_sport,2025-10-24,11:00,2025-10-24 08:00:00,2025-10-24 10:30:00,Индиана Пейсърс - Оклахома Сити Тъндър,Indiana Pacers - Oklahoma City Thunder
diema_sport,2025-10-24,13:30,2025-10-24 10:30:00,2025-10-24 12:30:00,Уест Хям Юнайтед - Брентфорд,West Ham United - Brentford
diema_sport,2025-10-24,15:30,2025-10-24 12:30:00,2025-10-24 13:00:00,Висша лига: Голямото интервю,Premier League: The Big Interview
diema_sport,2025-10-24,16:00,2025-10-24 13:00:00,2025-10-24 15:00:00,Манчестър Сити - Евертън,Manchester City - Everton
diema_sport,2025-10-24,18:00,2025-10-24 15:00:00,2025-10-24 16:00:00,Премиър Лийг Токшоу,Premier League Talk Show
diema_sport,2025-10-24,19:00,2025-10-24 16:00:00,2025-10-24 18:00:00,Ливърпул - Манчестър Юнайтед,Liverpool - Manchester United
diema_sport,2025-10-24,21:00,2025-10-24 18:00:00,2025-10-24 18:30:00,Преди кръга във Висшата лига V1,Before the Premier League round V1
diema_sport,2025-10-24,21:30,2025-10-24 18:30:00,2025-10-24 19:00:00,Студио Висша лига,Premier League Studio
diema_sport,2025-10-24,22:00,2025-10-24 19:00:00,2025-10-24 20:55:00,Лийдс Юнайтед - Уест Хям Юнайтед,Leeds United - West Ham United
diema_sport,2025-10-24,23:55,2025-10-24 20:55:00,2025-10-24 21:55:00,Студио Висша лига,Premier League Studio
diema_sport_2,2025-10-24,00:30,2025-10-23 21:30:00,2025-10-23 22:00:00,ATP 500: Базел,ATP 500: Basel
diema_sport_2,2025-10-24,01:00,2025-10-23 22:00:00,2025-10-23 23:30:00,Евролига: Анадолу Ефес - Фенербахче Анадолу Ефес - Фенербахче,Euroleague: Anadolu Efes - Fenerbahce Anadolu Efes - Fenerbahce
diema_sport_2,2025-10-24,02:30,2025-10-23 23:30:00,2025-10-24 00:00:00,ATP 500: Базел,ATP 500: Basel
diema_sport_2,2025-10-24,03:00,2025-10-24 00:00:00,2025-10-24 01:00:00,Евролига: Барселона - Жалгирис Барселона - Жалгирис,Euroleague: Barcelona - Zalgiris Barcelona - Zalgiris
diema_sport_2,2025-10-24,04:00,2025-10-24 01:00:00,2025-10-24 01:30:00,ATP 500: Базел Първи полуфинал,ATP 500: Basel First semi-final
diema_sport_2,2025-10-24,04:30,2025-10-24 01:30:00,2025-10-24 03:30:00,ATP 500: Базел,ATP 500: Basel
diema_sport_2,2025-10-24,06:30,2025-10-24 03:30:00,2025-10-24 05:30:00,ATP 500: Виена,ATP 500: Vienna
diema_sport_2,2025-10-24,08:30,2025-10-24 05:30:00,2025-10-24 07:30:00,ATP 500: Виена,ATP 500: Vienna
diema_sport_2,2025-10-24,10:30,2025-10-24 07:30:00,2025-10-24 09:30:00,ATP 500: Виена,ATP 500: Vienna
diema_sport_2,2025-10-24,12:30,2025-10-24 09:30:00,2025-10-24 11:30:00,ATP 500: Виена,ATP 500: Vienna
diema_sport_2,2025-10-24,14:30,2025-10-24 11:30:00,2025-10-24 13:30:00,"ПРЯКО, ATP 500: Виена Първи четвъртфинал","LIVE, ATP 500: Vienna First quarter-final"
diema_sport_2,2025-10-24,16:30,2025-10-24 13:30:00,2025-10-24 15:30:00,"ПРЯКО, ATP 500: Виена Втори четвъртфинал","LIVE, ATP 500: Vienna Second quarter-final"
diema_sport_2,2025-10-24,18:30,2025-10-24 15:30:00,2025-10-24 17:30:00,"ПРЯКО, ATP 500: Виена Трети четвъртфинал","LIVE, ATP 500: Vienna Third quarter-final"
diema_sport_2,2025-10-24,20:30,2025-10-24 17:30:00,2025-10-24 18:45:00,Удар със стик,Strike with a stick
diema_sport_2,2025-10-24,21:45,2025-10-24 18:45:00,2025-10-24 20:30:00,"ПРЯКО, Евролига: Байерн Мюнхен - Олимпиакос Байерн Мюнхен - Олимпиакос","LIVE, Euroleague: Bayern Munich - Olympiacos Bayern Munich - Olympiacos"
diema_sport_2,2025-10-24,23:30,2025-10-24 20:30:00,2025-10-24 21:30:00,NFL: Обзор 7 кръг Обзор 7 кръг,NFL: Round 7 Overview Round 7 Overview
max_sport_1_hd,2025-10-24,00:00,2025-10-23 21:00:00,2025-10-23 21:30:00,ATP 500: Базел Втори полуфинал,ATP 500: Basel Second Semi-Final
max_sport_1_hd,2025-10-24,00:30,2025-10-23 21:30:00,2025-10-23 23:00:00,Nascar Cup Series: Състезание в Алабама Състезание в Алабама,Nascar Cup Series: Race in Alabama Race in Alabama
max_sport_1_hd,2025-10-24,02:00,2025-10-23 23:00:00,2025-10-24 00:00:00,NHL: Бостън Бруинс - Колорадо Авеланш Бостън Бруинс - Колорадо Авеланш,NHL: Boston Bruins - Colorado Avalanche Boston Bruins - Colorado Avalanche
max_sport_1_hd,2025-10-24,03:00,2025-10-24 00:00:00,2025-10-24 01:00:00,Nascar Cup Series: Обзор на състезанието в Алабама Обзор на състезанието в Алабама,Nascar Cup Series: Alabama Race Overview Alabama Race Overview
max_sport_1_hd,2025-10-24,04:00,2025-10-24 01:00:00,2025-10-24 01:30:00,NFL: Обзор 7 кръг Обзор 7 кръг,NFL: Round 7 Overview Round 7 Overview
max_sport_1_hd,2025-10-24,04:30,2025-10-24 01:30:00,2025-10-24 01:30:00,Moto GP: Обзор на състезанието за Голямата награда на Австралия Обзор на състезанието за Голямата награда на Австралия,Moto GP: Australian Grand Prix Race Overview Australian Grand Prix Race Overview
max_sport_1_hd,2025-10-24,04:30,2025-10-24 01:30:00,2025-10-24 02:35:00,"ПРЯКО, Moto GP: Загрявка преди състезанието за Голямата награда на Малайзия Загрявка преди състезанието за Голямата награда на Малайзия",LIVE Moto GP: Malaysian Grand Prix warm-up Malaysian Grand Prix warm-up
max_sport_1_hd,2025-10-24,05:35,2025-10-24 02:35:00,2025-10-24 02:50:00,"ПРЯКО, Moto GP: Първа тренировка за Голямата награда на Малайзия Първа тренировка за Голямата награда на Малайзия",LIVE Moto GP: First practice for the Malaysian Grand Prix First practice for the Malaysian Grand Prix
max_sport_1_hd,2025-10-24,05:50,2025-10-24 02:50:00,2025-10-24 03:30:00,"ПРЯКО, Moto GP: Квалификация за Голямата награда на Малайзия Квалификация за Голямата награда на Малайзия",LIVE Moto GP: Malaysian Grand Prix Qualifying Malaysian Grand Prix Qualifying
max_sport_1_hd,2025-10-24,06:30,2025-10-24 03:30:00,2025-10-24 05:20:00,Еврокупа: Бахчешехир Истанбул - Цедевита Любляна Бахчешехир Истанбул - Цедевита Любляна,Eurocup: Bahceşehir Istanbul - Cedevita Ljubljana Bahceşehir Istanbul - Cedevita Ljubljana
max_sport_1_hd,2025-10-24,08:20,2025-10-24 05:20:00,2025-10-24 06:20:00,Nascar Cup Series: Обзор на състезанието в Алабама Обзор на състезанието в Алабама,Nascar Cup Series: Alabama Race Overview Alabama Race Overview
max_sport_1_hd,2025-10-24,09:20,2025-10-24 06:20:00,2025-10-24 06:50:00,Голф: Hainan Open Обзор на турнира,Golf: Hainan Open Tournament Review
max_sport_1_hd,2025-10-24,09:50,2025-10-24 06:50:00,2025-10-24 08:15:00,"ПРЯКО, Moto GP: Тренировка за Голямата награда на Малайзия Тренировка за Голямата награда на Малайзия",LIVE Moto GP: Practice for the Malaysian Grand Prix Practice for the Malaysian Grand Prix
max_sport_1_hd,2025-10-24,11:15,2025-10-24 08:15:00,2025-10-24 11:00:00,NFL:,NFL:
max_sport_1_hd,2025-10-24,14:00,2025-10-24 11:00:00,2025-10-24 13:00:00,Евролига: Барселона - Жалгирис Барселона - Жалгирис,Euroleague: Barcelona - Zalgiris Barcelona - Zalgiris
max_sport_1_hd,2025-10-24,16:00,2025-10-24 13:00:00,2025-10-24 15:00:00,Евролига: Апоел Тел Авив - Монако Апоел Тел Авив - Монако,Euroleague: Apoel Tel Aviv - Monaco Apoel Tel Aviv - Monaco
max_sport_1_hd,2025-10-24,18:00,2025-10-24 15:00:00,2025-10-24 16:00:00,Зона волей Токшоу,Zone Volley Talkshow
max_sport_1_hd,2025-10-24,19:00,2025-10-24 16:00:00,2025-10-24 16:30:00,"ПРЯКО, Студио Волейбол","LIVE, Studio Volleyball"
max_sport_1_hd,2025-10-24,19:30,2025-10-24 16:30:00,2025-10-24 18:30:00,"ПРЯКО, Волейбол - efbet Супер Волей: Левски - Нефтохимик Левски - Нефтохимик","LIVE, Volleyball - efbet Super Volley: Levski - Neftokhimik Levski - Neftokhimik"
max_sport_1_hd,2025-10-24,21:30,2025-10-24 18:30:00,2025-10-24 19:00:00,"ПРЯКО, Студио Волейбол","LIVE, Studio Volleyball"
max_sport_1_hd,2025-10-24,22:00,2025-10-24 19:00:00,2025-10-24 20:00:00,Евролига: Анадолу Ефес - Фенербахче Анадолу Ефес - Фенербахче,Euroleague: Anadolu Efes - Fenerbahce Anadolu Efes - Fenerbahce
max_sport_2_hd,2025-10-24,00:00,2025-10-23 21:00:00,2025-10-23 21:00:00,Trans World Sport,Trans World Sport
max_sport_2_hd,2025-10-24,00:00,2025-10-23 21:00:00,2025-10-23 21:25:00,УЕФА Шампионска лига: Виляреал - Манчестър Сити Трети кръг,UEFA Champions League: Villarreal - Manchester City Third Round
max_sport_2_hd,2025-10-24,00:25,2025-10-23 21:25:00,2025-10-23 22:30:00,"ПРЯКО, УЕФА Лига Европа и Лига на конференциите: Обзор на кръга Обзор на кръга","LIVE, UEFA Europa League and Conference League: Round Round Round Round Round Round Up"
max_sport_2_hd,2025-10-24,01:30,2025-10-23 22:30:00,2025-10-23 22:45:00,ATP 500: Базел,ATP 500: Basel
max_sport_2_hd,2025-10-24,01:45,2025-10-23 22:45:00,2025-10-23 23:45:00,Серия А: Наполи - Интер,Serie A: Napoli - Inter
max_sport_2_hd,2025-10-24,02:45,2025-10-23 23:45:00,2025-10-24 00:30:00,УЕФА Лига Европа и Лига на конференциите: Обзор на кръга Обзор на кръга,UEFA Europa League and Conference League: Round Overview Round Overview
max_sport_2_hd,2025-10-24,03:30,2025-10-24 00:30:00,2025-10-24 00:45:00,Серия А: Рома - Интер,Serie A: Roma - Inter
max_sport_2_hd,2025-10-24,03:45,2025-10-24 00:45:00,2025-10-24 02:15:00,Копа Судамерикана: Универсидад Католика - Ланус Полуфинал,Copa Sudamericana: Universidad Católica - Lanus Semi-final
max_sport_2_hd,2025-10-24,05:15,2025-10-24 02:15:00,2025-10-24 02:30:00,УЕФА Шампионска лига Обзор на кръга,UEFA Champions League Round Overview
max_sport_2_hd,2025-10-24,05:30,2025-10-24 02:30:00,2025-10-24 03:00:00,Серия А: Екстра Калчо,Serie A: Extra Calcio
max_sport_2_hd,2025-10-24,06:00,2025-10-24 03:00:00,2025-10-24 08:00:00,"ПРЯКО, Голф: Genesis Championship","LIVE, Golf: Genesis Championship"
max_sport_2_hd,2025-10-24,11:00,2025-10-24 08:00:00,2025-10-24 10:00:00,УЕФА Лига Европа: Гоу Ахед Игълс - Астън Вила Трети кръг,UEFA Europa League: Go Ahead Eagles - Aston Villa Third Round
max_sport_2_hd,2025-10-24,13:00,2025-10-24 10:00:00,2025-10-24 12:00:00,УЕФА Лига Европа: Йънг Бойс - Лудогорец Трети кръг,UEFA Europa League: Young Boys - Ludogorets Third round
max_sport_2_hd,2025-10-24,15:00,2025-10-24 12:00:00,2025-10-24 14:00:00,"ПРЯКО, ATP 500: Базел Първи четвъртфинал","LIVE, ATP 500: Basel First quarter-final"
max_sport_2_hd,2025-10-24,17:00,2025-10-24 14:00:00,2025-10-24 16:00:00,"ПРЯКО, ATP 500: Базел Втори четвъртфинал","LIVE, ATP 500: Basel Second quarter-final"
max_sport_2_hd,2025-10-24,19:00,2025-10-24 16:00:00,2025-10-24 18:15:00,"ПРЯКО, ATP 500: Базел Трети четвъртфинал","LIVE, ATP 500: Basel Third quarter-final"
max_sport_2_hd,2025-10-24,21:15,2025-10-24 18:15:00,2025-10-24 18:45:00,Серия А: Преди кръга,Serie A: Before the round
max_sport_2_hd,2025-10-24,21:45,2025-10-24 18:45:00,2025-10-24 20:45:00,"ПРЯКО, Серия А: Милан - Пиза","LIVE, Serie A: Milan - Pisa"
max_sport_2_hd,2025-10-24,23:45,2025-10-24 20:45:00,2025-10-24 21:45:00,УЕФА Шампионска лига Магазинно предаване,UEFA Champions League Shop show
max_sport_3_hd,2025-10-24,00:00,2025-10-23 21:00:00,2025-10-23 21:00:00,УЕФА Шампионска лига Обзор на кръга,UEFA Champions League Round Overview
max_sport_3_hd,2025-10-24,00:00,2025-10-23 21:00:00,2025-10-23 21:15:00,"ПРЯКО, Студио Футбол","LIVE, Studio Football"
max_sport_3_hd,2025-10-24,00:15,2025-10-23 21:15:00,2025-10-23 22:00:00,Копа Либертадорес: Фламенго - Расинг Клуб Полуфинал,Copa Libertadores: Flamengo - Racing Club Semi-Final
max_sport_3_hd,2025-10-24,01:00,2025-10-23 22:00:00,2025-10-23 23:00:00,"ПРЯКО, Копа Судамерикана: Универсидад Чили - Ланус Полуфинал",LIVE Copa Sudamericana: Universidad Chile - Lanus Semi-Final
max_sport_3_hd,2025-10-24,02:00,2025-10-23 23:00:00,2025-10-24 00:00:00,Ла Лига: Жирона - Овиедо,La Liga: Girona - Oviedo
max_sport_3_hd,2025-10-24,03:00,2025-10-24 00:00:00,2025-10-24 00:30:00,Ла Лига: Обзор 9 кръг Обзор,La Liga: Overview round 9 Overview
max_sport_3_hd,2025-10-24,03:30,2025-10-24 00:30:00,2025-10-24 01:00:00,"ПРЯКО, Копа Либертадорес: Лига де Кито - Палмейрас Полуфинал",LIVE Copa Libertadores: Liga de Quito v Palmeiras Semi-Final
max_sport_3_hd,2025-10-24,04:00,2025-10-24 01:00:00,2025-10-24 02:30:00,Ла Лига: Валенсия - Виляреал,La Liga: Valencia - Villarreal
max_sport_3_hd,2025-10-24,05:30,2025-10-24 02:30:00,2025-10-24 04:30:00,Ла Лига: Алавес - Валенсия,La Liga: Alaves - Valencia
max_sport_3_hd,2025-10-24,07:30,2025-10-24 04:30:00,2025-10-24 05:00:00,Trans World Sport,Trans World Sport
max_sport_3_hd,2025-10-24,08:00,2025-10-24 05:00:00,2025-10-24 07:00:00,Ла Лига: Атлетико Мадрид - Осасуна,La Liga: Atletico Madrid - Osasuna
max_sport_3_hd,2025-10-24,10:00,2025-10-24 07:00:00,2025-10-24 09:00:00,Ла Лига: Алавес - Валенсия,La Liga: Alaves - Valencia
max_sport_3_hd,2025-10-24,12:00,2025-10-24 09:00:00,2025-10-24 11:00:00,Ла Лига: Барселона - Жирона,La Liga: Barcelona - Girona
max_sport_3_hd,2025-10-24,14:00,2025-10-24 11:00:00,2025-10-24 13:00:00,Ла Лига: Хетафе - Реал Мадрид,La Liga: Getafe - Real Madrid
max_sport_3_hd,2025-10-24,16:00,2025-10-24 13:00:00,2025-10-24 15:00:00,Копа Судамерикана: Универсидад Чили - Ланус Полуфинал,Copa Sudamericana: Universidad Chile - Lanus Semi-Final
max_sport_3_hd,2025-10-24,18:00,2025-10-24 15:00:00,2025-10-24 17:00:00,Копа Либертадорес: Лига де Кито - Палмейрас Полуфинал,Copa Libertadores: Liga de Quito - Palmeiras Semi-final
max_sport_3_hd,2025-10-24,20:00,2025-10-24 17:00:00,2025-10-24 18:15:00,"ПРЯКО, Пред Стадиона - спортно шоу Пред Стадиона - спортно шоу","LIVE, In front of the Stadium - sports show In front of the Stadium - sports show"
max_sport_3_hd,2025-10-24,21:15,2025-10-24 18:15:00,2025-10-24 18:45:00,Ла Лига: Обзор 9 кръг Обзор,La Liga: Overview round 9 Overview
max_sport_3_hd,2025-10-24,21:45,2025-10-24 18:45:00,2025-10-24 19:00:00,"ПРЯКО, Студио Футбол","LIVE, Studio Football"
max_sport_3_hd,2025-10-24,22:00,2025-10-24 19:00:00,2025-10-24 20:00:00,"ПРЯКО, Ла Лига: Реал Сосиедад - Севиля","LIVE, La Liga: Real Sociedad - Sevilla"
max_sport_4_hd,2025-10-25,00:20,2025-10-24 21:20:00,2025-10-24 21:30:00,Спортни новини,Sports news
max_sport_4_hd,2025-10-25,00:30,2025-10-24 21:30:00,2025-10-24 22:25:00,Световно първенство по лека атлетика,World Championships in Athletics
max_sport_4_hd,2025-10-25,01:25,2025-10-24 22:25:00,2025-10-24 22:35:00,Спортни новини,Sports news
max_sport_4_hd,2025-10-25,01:35,2025-10-24 22:35:00,2025-10-25 00:05:00,Световна купа по скокове на батут,Trampoline World Cup
max_sport_4_hd,2025-10-25,03:05,2025-10-25 00:05:00,2025-10-25 00:55:00,Световно първенство по модерен петобой,Modern Pentathlon World Championship
max_sport_4_hd,2025-10-25,03:55,2025-10-25 00:55:00,2025-10-25 01:10:00,Автомобилизъм: GT World Challenge Europe - спринт,Motorsport: GT World Challenge Europe - Sprint
max_sport_4_hd,2025-10-25,04:10,2025-10-25 01:10:00,2025-10-25 01:35:00,Световно шахматно шоу,World Chess Show
max_sport_4_hd,2025-10-25,04:35,2025-10-25 01:35:00,2025-10-25 02:20:00,Колоездачна обиколка на Хърватия,Cycling tour of Croatia
max_sport_4_hd,2025-10-25,05:20,2025-10-25 02:20:00,2025-10-25 02:30:00,Колоездачна обиколка на Чехия,Cycling tour of the Czech Republic
max_sport_4_hd,2025-10-25,05:30,2025-10-25 02:30:00,2025-10-25 02:55:00,Рали Португалия,Rally Portugal
max_sport_4_hd,2025-10-25,05:55,2025-10-25 02:55:00,2025-10-25 03:05:00,Аз съм...,I am...
max_sport_4_hd,2025-10-25,06:05,2025-10-25 03:05:00,2025-10-25 04:00:00,One Water Race - екстремна надпревара,One Water Race - an extreme race
max_sport_4_hd,2025-10-25,07:00,2025-10-25 04:00:00,2025-10-25 05:30:00,Тенис: Среща от финалите на световния тенис тур за юноши,Tennis: Match of the finals of the World Junior Tennis Tour
max_sport_4_hd,2025-10-25,08:30,2025-10-25 05:30:00,2025-10-25 06:00:00,Време за губене,Time to waste
max_sport_4_hd,2025-10-25,09:00,2025-10-25 06:00:00,2025-10-25 06:15:00,Аз съм...,I am...
max_sport_4_hd,2025-10-25,09:15,2025-10-25 06:15:00,2025-10-25 06:45:00,Extreme Е: Пустинно Екс-при,Extreme E: Desert Ex-pre
max_sport_4_hd,2025-10-25,09:45,2025-10-25 06:45:00,2025-10-25 07:00:00,Зала на славата: Димитър Илиев,Hall of Fame: Dimitar Iliev
max_sport_4_hd,2025-10-25,10:00,2025-10-25 07:00:00,2025-10-25 08:30:00,Тенис: Среща от финалите на световния тенис тур за юноши,Tennis: Match of the finals of the World Junior Tennis Tour
max_sport_4_hd,2025-10-25,11:30,2025-10-25 08:30:00,2025-10-25 08:55:00,Monster Jam - автомобилно шоу,Monster Jam - Car Show
max_sport_4_hd,2025-10-25,11:55,2025-10-25 08:55:00,2025-10-25 09:10:00,Аз съм...,I am...
max_sport_4_hd,2025-10-25,12:10,2025-10-25 09:10:00,2025-10-25 10:00:00,Ветроходство: Гран при на Женева,Sailing: Geneva Grand Prix
max_sport_4_hd,2025-10-25,13:00,2025-10-25 10:00:00,2025-10-25 10:15:00,Телепазарен прозорец,Telemarketing window
max_sport_4_hd,2025-10-25,13:15,2025-10-25 10:15:00,2025-10-25 10:20:00,Спортни новини,Sports news
max_sport_4_hd,2025-10-25,13:20,2025-10-25 10:20:00,2025-10-25 11:25:00,Световно първенство по модерен петобой,Modern Pentathlon World Championship
max_sport_4_hd,2025-10-25,14:25,2025-10-25 11:25:00,2025-10-25 12:15:00,Колоездачна обиколка на Хърватия,Cycling tour of Croatia
max_sport_4_hd,2025-10-25,15:15,2025-10-25 12:15:00,2025-10-25 13:10:00,Това го знам,I know that
max_sport_4_hd,2025-10-25,16:10,2025-10-25 13:10:00,2025-10-25 13:35:00,Една различна Италия 2,A different Italy 2
max_sport_4_hd,2025-10-25,16:35,2025-10-25 13:35:00,2025-10-25 15:25:00,"Волейбол: Марица - Левски София, среща от Националната волейболна Демакс+ лига /жени/","Volleyball: Maritsa - Levski Sofia, match from the National Volleyball Demax+ League /women/"
max_sport_4_hd,2025-10-25,18:25,2025-10-25 15:25:00,2025-10-25 15:40:00,Зала на славата: Анка Узунова,Hall of Fame: Anka Uzunova
max_sport_4_hd,2025-10-25,18:40,2025-10-25 15:40:00,2025-10-25 16:10:00,Рали Португалия,Rally Portugal
max_sport_4_hd,2025-10-25,19:10,2025-10-25 16:10:00,2025-10-25 17:05:00,FIA Extreme H Световна купа,FIA Extreme H World Cup
max_sport_4_hd,2025-10-25,20:05,2025-10-25 17:05:00,2025-10-25 17:35:00,Туризъм БГ,Tourism BG
max_sport_4_hd,2025-10-25,20:35,2025-10-25 17:35:00,2025-10-25 18:00:00,В ритъма на града,In the rhythm of the city
max_sport_4_hd,2025-10-25,21:00,2025-10-25 18:00:00,2025-10-25 18:50:00,Забравени от Бога 3,Forgotten by God 3
max_sport_4_hd,2025-10-25,21:50,2025-10-25 18:50:00,2025-10-25 19:00:00,Спортни новини,Sports news
max_sport_4_hd,2025-10-25,22:00,2025-10-25 19:00:00,2025-10-25 20:55:00,Цветът на лъжите,The color of lies
max_sport_4_hd,2025-10-25,23:55,2025-10-25 20:55:00,2025-10-25 21:55:00,Тенис: Среща от финалите на световния тенис тур за юноши,Tennis: Match of the finals of the World Junior Tennis Tour
bnt_3,2025-10-25,00:00,2025-10-24 21:00:00,2025-10-24 22:45:00,Брест - Пари Сен Жермен,Brest - Paris Saint-Germain
bnt_3,2025-10-25,01:45,2025-10-24 22:45:00,2025-10-24 23:00:00,Бристъл Сити - Саутхямптън,Bristol City - Southampton
bnt_3,2025-10-25,02:00,2025-10-24 23:00:00,2025-10-25 00:45:00,Еротичен Телепазар,Erotic Telemarket
bnt_3,2025-10-25,03:45,2025-10-25 00:45:00,2025-10-25 07:00:00,Еротичен Телепазар,Erotic Telemarket
bnt_3,2025-10-25,10:00,2025-10-25 07:00:00,2025-10-25 09:00:00,Париж ФК - Нант,Paris FC - Nantes
bnt_3,2025-10-25,12:00,2025-10-25 09:00:00,2025-10-25 11:00:00,Гройтер Фюрт - Карлсруе,Greuther Furth - Karlsruhe
bnt_3,2025-10-25,14:00,2025-10-25 11:00:00,2025-10-25 12:55:00,Динамо Дрезден - Падерборн,Dynamo Dresden - Paderborn
bnt_3,2025-10-25,15:55,2025-10-25 12:55:00,2025-10-25 13:25:00,Шампионска лига на Азия 2: Обзор,Asian Champions League 2: Overview
bnt_3,2025-10-25,16:25,2025-10-25 13:25:00,2025-10-25 14:00:00,Студио Висша лига,Premier League Studio
bnt_3,2025-10-25,17:00,2025-10-25 14:00:00,2025-10-25 15:55:00,Нюкасъл Юнайтед - Фулъм,Newcastle United - Fulham
bnt_3,2025-10-25,18:55,2025-10-25 15:55:00,2025-10-25 16:30:00,Студио Висша лига,Premier League Studio
bnt_3,2025-10-25,19:30,2025-10-25 16:30:00,2025-10-25 17:00:00,Пета четвърт,Fifth quarter
bnt_3,2025-10-25,20:00,2025-10-25 17:00:00,2025-10-25 19:05:00,Монако - Тулуза,Monaco - Toulouse
bnt_3,2025-10-25,22:05,2025-10-25 19:05:00,2025-10-25 20:05:00,Ланс - Марсилия,Lance - Marseille
nova_sport,2025-10-25,00:00,2025-10-24 21:00:00,2025-10-24 22:00:00,Аугсбург - Рб Лайпциг,Augsburg - RB Leipzig
nova_sport,2025-10-25,01:00,2025-10-24 22:00:00,2025-10-25 05:00:00,ONE Петъчни битки 129,ONE Friday Fights 129
nova_sport,2025-10-25,08:00,2025-10-25 05:00:00,2025-10-25 07:00:00,Монтана - Арда,Montana - Arda
nova_sport,2025-10-25,10:00,2025-10-25 07:00:00,2025-10-25 09:00:00,Спартак Варна - Ботев Пловдив,Spartak Varna - Botev Plovdiv
nova_sport,2025-10-25,12:00,2025-10-25 09:00:00,2025-10-25 09:30:00,Дневник НБА,NBA Diary
nova_sport,2025-10-25,12:30,2025-10-25 09:30:00,2025-10-25 10:00:00,Студио efbet Лига футбол,Studio efbet League football
nova_sport,2025-10-25,13:00,2025-10-25 10:00:00,2025-10-25 11:55:00,Ботев Враца - Септември,Botev Vratsa - September
nova_sport,2025-10-25,14:55,2025-10-25 11:55:00,2025-10-25 12:30:00,Студио efbet Лига футбол,Studio efbet League football
nova_sport,2025-10-25,15:30,2025-10-25 12:30:00,2025-10-25 14:25:00,Славия - Черно море,Slavia - Black Sea
nova_sport,2025-10-25,17:25,2025-10-25 14:25:00,2025-10-25 15:00:00,Студио efbet Лига футбол,Studio efbet League football
nova_sport,2025-10-25,18:00,2025-10-25 15:00:00,2025-10-25 16:55:00,Левски - Добруджа,Levski - Dobruja
nova_sport,2025-10-25,19:55,2025-10-25 16:55:00,2025-10-25 17:30:00,Студио efbet Лига футбол,Studio efbet League football
nova_sport,2025-10-25,20:30,2025-10-25 17:30:00,2025-10-25 18:30:00,Трета тренировка за Голяма награда на Мексико,Third practice for the Mexican Grand Prix
nova_sport,2025-10-25,21:30,2025-10-25 18:30:00,2025-10-25 19:00:00,Дневник НБА,NBA Diary
nova_sport,2025-10-25,22:00,2025-10-25 19:00:00,2025-10-25 20:00:00,Бургос - Сарагоса,Burgos - Zaragoza
diema_sport,2025-10-25,00:15,2025-10-24 21:15:00,2025-10-24 21:15:00,Реал Мадрид - Бургос,Real Madrid - Burgos
diema_sport,2025-10-25,00:15,2025-10-24 21:15:00,2025-10-24 23:15:00,Блекбърн Роувърс - Саутхямптън,Blackburn Rovers - Southampton
diema_sport,2025-10-25,02:15,2025-10-24 23:15:00,2025-10-24 23:15:00,Уникаха - Барселона,Unicaja - Barcelona
diema_sport,2025-10-25,02:15,2025-10-24 23:15:00,2025-10-25 04:30:00,Нюкасъл Юнайтед - Фулъм,Newcastle United - Fulham
diema_sport,2025-10-25,07:30,2025-10-25 04:30:00,2025-10-25 05:30:00,NBA Екшън,NBA Action
diema_sport,2025-10-25,08:30,2025-10-25 05:30:00,2025-10-25 06:30:00,Премиър Лийг Токшоу,Premier League Talk Show
diema_sport,2025-10-25,09:30,2025-10-25 06:30:00,2025-10-25 08:30:00,Престън Норт Енд - Шефилд Юнайтед,Preston North End - Sheffield United
diema_sport,2025-10-25,11:30,2025-10-25 08:30:00,2025-10-25 10:30:00,Лийдс Юнайтед - Уест Хям Юнайтед,Leeds United - West Ham United
diema_sport,2025-10-25,13:30,2025-10-25 10:30:00,2025-10-25 11:00:00,Преди кръга във Висшата лига V2,Before the Premier League round V2
diema_sport,2025-10-25,14:00,2025-10-25 11:00:00,2025-10-25 11:30:00,Студио Чемпиъншип,Studio Championship
diema_sport,2025-10-25,14:30,2025-10-25 11:30:00,2025-10-25 13:25:00,Ипсуич Таун - Уест Бромич Албиън,Ipswich Town - West Bromwich Albion
diema_sport,2025-10-25,16:25,2025-10-25 13:25:00,2025-10-25 14:00:00,Студио Висша лига и Чемпиъншип,Studio Premier League and Championship
diema_sport,2025-10-25,17:00,2025-10-25 14:00:00,2025-10-25 15:55:00,Челси - Съндърланд,Chelsea - Sunderland
diema_sport,2025-10-25,18:55,2025-10-25 15:55:00,2025-10-25 16:30:00,Студио Висша лига,Premier League Studio
diema_sport,2025-10-25,19:30,2025-10-25 16:30:00,2025-10-25 18:25:00,Манчестър Юнайтед - Брайтън & Хоув Албиън,Manchester United - Brighton & Hove Albion
diema_sport,2025-10-25,21:25,2025-10-25 18:25:00,2025-10-25 19:00:00,Студио Висша лига,Premier League Studio
diema_sport,2025-10-25,22:00,2025-10-25 19:00:00,2025-10-25 20:55:00,Брентфорд - Ливърпул,Brentford - Liverpool
diema_sport,2025-10-25,23:55,2025-10-25 20:55:00,2025-10-25 21:55:00,Студио Висша лига,Premier League Studio
diema_sport_2,2025-10-25,00:00,2025-10-24 21:00:00,2025-10-24 22:00:00,Nascar Cup Series: Състезание във Вирджиния Състезание във Вирджиния,Nascar Cup Series: Race in Virginia Race in Virginia
diema_sport_2,2025-10-25,01:00,2025-10-24 22:00:00,2025-10-25 00:00:00,Евролига: Анадолу Ефес - Фенербахче Анадолу Ефес - Фенербахче,Euroleague: Anadolu Efes - Fenerbahce Anadolu Efes - Fenerbahce
diema_sport_2,2025-10-25,03:00,2025-10-25 00:00:00,2025-10-25 01:00:00,Евролига: Барселона - Жалгирис Барселона - Жалгирис,Euroleague: Barcelona - Zalgiris Barcelona - Zalgiris
diema_sport_2,2025-10-25,04:00,2025-10-25 01:00:00,2025-10-25 01:00:00,ATP 500: Базел Първи полуфинал,ATP 500: Basel First semi-final
diema_sport_2,2025-10-25,04:00,2025-10-25 01:00:00,2025-10-25 03:00:00,Еврокупа: Бахчешехир Истанбул - Цедевита Любляна Бахчешехир Истанбул - Цедевита Любляна,Eurocup: Bahceşehir Istanbul - Cedevita Ljubljana Bahceşehir Istanbul - Cedevita Ljubljana
diema_sport_2,2025-10-25,06:00,2025-10-25 03:00:00,2025-10-25 05:15:00,ATP 500: Виена Втори четвъртфинал,ATP 500: Vienna Second quarter-final
diema_sport_2,2025-10-25,08:15,2025-10-25 05:15:00,2025-10-25 07:45:00,"ПРЯКО, Суперкарс 2025г.: Първо състезание в Гоулд Коуст Първо състезание в Гоулд Коуст",LIVE Supercars 2025: First race at Gold Coast First race at Gold Coast
diema_sport_2,2025-10-25,10:45,2025-10-25 07:45:00,2025-10-25 09:00:00,Nascar Cup Series: Обзор на състезанието в Алабама Обзор на състезанието в Алабама,Nascar Cup Series: Alabama Race Overview Alabama Race Overview
diema_sport_2,2025-10-25,12:00,2025-10-25 09:00:00,2025-10-25 11:00:00,ATP 500: Виена Трети четвъртфинал,ATP 500: Vienna Third quarter-final
diema_sport_2,2025-10-25,14:00,2025-10-25 11:00:00,2025-10-25 13:00:00,ATP 500: Виена Четвърти четвъртфинал,ATP 500: Vienna Fourth quarter-final
diema_sport_2,2025-10-25,16:00,2025-10-25 13:00:00,2025-10-25 15:00:00,"ПРЯКО, ATP 500: Виена Първи полуфинал","LIVE, ATP 500: Vienna First semi-final"
diema_sport_2,2025-10-25,18:00,2025-10-25 15:00:00,2025-10-25 17:00:00,"ПРЯКО, ATP 500: Виена Втори полуфинал","LIVE, ATP 500: Vienna Second semi-final"
diema_sport_2,2025-10-25,20:00,2025-10-25 17:00:00,2025-10-25 18:00:00,Moto GP: Спринт за Голямата награда на Малайзия Спринт за Голямата награда на Малайзия,Moto GP: Malaysian Grand Prix Sprint Malaysian Grand Prix Sprint
diema_sport_2,2025-10-25,21:00,2025-10-25 18:00:00,2025-10-25 18:30:00,Trans World Sport,Trans World Sport
diema_sport_2,2025-10-25,21:30,2025-10-25 18:30:00,2025-10-25 19:00:00,Удар със стик,Strike with a stick
diema_sport_2,2025-10-25,22:00,2025-10-25 19:00:00,2025-10-25 20:00:00,"ПРЯКО, NHL: Бостън Бруинс - Колорадо Авеланш Бостън Бруинс - Колорадо Авеланш","LIVE, NHL: Boston Bruins - Colorado Avalanche Boston Bruins - Colorado Avalanche"
max_sport_1_hd,2025-10-25,00:00,2025-10-24 21:00:00,2025-10-24 23:00:00,ATP 500: Базел Втори полуфинал,ATP 500: Basel Second Semi-Final
max_sport_1_hd,2025-10-25,02:00,2025-10-24 23:00:00,2025-10-24 23:30:00,NHL: Бостън Бруинс - Колорадо Авеланш Бостън Бруинс - Колорадо Авеланш,NHL: Boston Bruins - Colorado Avalanche Boston Bruins - Colorado Avalanche
max_sport_1_hd,2025-10-25,02:30,2025-10-24 23:30:00,2025-10-25 00:00:00,Суперкарс 2025г.: Първо състезание в Гоулд Коуст Първо състезание в Гоулд Коуст,Supercars 2025: First race on the Gold Coast First race on the Gold Coast
max_sport_1_hd,2025-10-25,03:00,2025-10-25 00:00:00,2025-10-25 01:00:00,Nascar Cup Series: Обзор на състезанието в Алабама Обзор на състезанието в Алабама,Nascar Cup Series: Alabama Race Overview Alabama Race Overview
max_sport_1_hd,2025-10-25,04:00,2025-10-25 01:00:00,2025-10-25 01:30:00,NFL: Обзор 7 кръг Обзор 7 кръг,NFL: Round 7 Overview Round 7 Overview
max_sport_1_hd,2025-10-25,04:30,2025-10-25 01:30:00,2025-10-25 02:50:00,"ПРЯКО, Moto GP: Загрявка преди състезанието за Голямата награда на Малайзия Загрявка преди състезанието за Голямата награда на Малайзия",LIVE Moto GP: Malaysian Grand Prix warm-up Malaysian Grand Prix warm-up
max_sport_1_hd,2025-10-25,05:50,2025-10-25 02:50:00,2025-10-25 03:45:00,"ПРЯКО, Moto GP: Квалификация за Голямата награда на Малайзия Квалификация за Голямата награда на Малайзия",LIVE Moto GP: Malaysian Grand Prix Qualifying Malaysian Grand Prix Qualifying
max_sport_1_hd,2025-10-25,06:45,2025-10-25 03:45:00,2025-10-25 04:50:00,Скорост на Макс Токшоу,Max Talkshow Speed
max_sport_1_hd,2025-10-25,07:50,2025-10-25 04:50:00,2025-10-25 06:35:00,"ПРЯКО, Moto 3, Moto 2: Квалификация за Голямата награда на Малайзия Квалификация за Голямата награда на Малайзия",LIVE Moto 3 Moto 2: Malaysian Grand Prix Qualifying Malaysian Grand Prix Qualifying
max_sport_1_hd,2025-10-25,09:35,2025-10-25 06:35:00,2025-10-25 07:00:00,Trans World Sport,Trans World Sport
max_sport_1_hd,2025-10-25,10:00,2025-10-25 07:00:00,2025-10-25 08:00:00,"ПРЯКО, Moto GP: Спринт за Голямата награда на Малайзия Спринт за Голямата награда на Малайзия",LIVE Moto GP: Malaysian Grand Prix Sprint Malaysian Grand Prix Sprint
max_sport_1_hd,2025-10-25,11:00,2025-10-25 08:00:00,2025-10-25 09:00:00,Скорост на Макс Токшоу,Max Talkshow Speed
max_sport_1_hd,2025-10-25,12:00,2025-10-25 09:00:00,2025-10-25 11:00:00,NHL: Уинипег Джетс - Калгари Флeймс Уинипег Джетс - Калгари Флeймс,NHL: Whinikine Jets - Calgary Fleims Whinikine Jets - Calgary Fleimes
max_sport_1_hd,2025-10-25,14:00,2025-10-25 11:00:00,2025-10-25 13:00:00,Волейбол - efbet Супер Волей: Левски - Нефтохимик Левски - Нефтохимик,Volleyball - efbet Super Volley: Levski - Neftokhimik Levski - Neftokhimik
max_sport_1_hd,2025-10-25,16:00,2025-10-25 13:00:00,2025-10-25 15:15:00,"ПРЯКО, ATP 500: Базел Първи полуфинал","LIVE, ATP 500: Basel First Semi-Final"
max_sport_1_hd,2025-10-25,18:15,2025-10-25 15:15:00,2025-10-25 15:45:00,Волейбол: Филипини Филипини,Volleyball: Philippines Philippines
max_sport_1_hd,2025-10-25,18:45,2025-10-25 15:45:00,2025-10-25 16:00:00,"ПРЯКО, Студио Волейбол","LIVE, Studio Volleyball"
max_sport_1_hd,2025-10-25,19:00,2025-10-25 16:00:00,2025-10-25 18:00:00,"ПРЯКО, Волейбол - efbet Супер Волей: Локомотив Авиа - Славия Локомотив Авиа - Славия","LIVE, Volleyball - efbet Super Volley: Lokomotiv Avia - Slavia Lokomotiv Avia - Slavia"
max_sport_1_hd,2025-10-25,21:00,2025-10-25 18:00:00,2025-10-25 19:00:00,"ПРЯКО, UFC 321: Аспинал срещу Ган Том Аспинал срещу Сирил Ган","LIVE, UFC 321: Aspinall vs. Gunn Tom Aspinall vs. Cyril Gunn"
max_sport_2_hd,2025-10-25,00:00,2025-10-24 21:00:00,2025-10-24 21:00:00,УЕФА Шампионска лига: Виляреал - Манчестър Сити Трети кръг,UEFA Champions League: Villarreal - Manchester City Third Round
max_sport_2_hd,2025-10-25,00:00,2025-10-24 21:00:00,2025-10-24 22:00:00,Удар със стик,Strike with a stick
max_sport_2_hd,2025-10-25,01:00,2025-10-24 22:00:00,2025-10-24 22:45:00,"ПРЯКО, NHL: Чикаго Блекхоукс - Лос Анджелис Кингс Чикаго Блекхоукс - Лос Анджелис Кингс","PRYAKO, NHL: Chicago Blackhawks - Los Angeles Kings Chicago Blackhawks - Los Angeles Kings"
max_sport_2_hd,2025-10-25,01:45,2025-10-24 22:45:00,2025-10-24 23:45:00,Серия А: Наполи - Интер,Serie A: Napoli - Inter
max_sport_2_hd,2025-10-25,02:45,2025-10-24 23:45:00,2025-10-25 00:45:00,УЕФА Лига Европа и Лига на конференциите: Обзор на кръга Обзор на кръга,UEFA Europa League and Conference League: Round Overview Round Overview
max_sport_2_hd,2025-10-25,03:45,2025-10-25 00:45:00,2025-10-25 01:00:00,Копа Судамерикана: Универсидад Католика - Ланус Полуфинал,Copa Sudamericana: Universidad Católica - Lanus Semi-final
max_sport_2_hd,2025-10-25,04:00,2025-10-25 01:00:00,2025-10-25 02:15:00,Серия А: Сасуоло - Рома,Series A: Sasuolo - Roma
max_sport_2_hd,2025-10-25,05:15,2025-10-25 02:15:00,2025-10-25 03:30:00,УЕФА Шампионска лига Обзор на кръга,UEFA Champions League Round Overview
max_sport_2_hd,2025-10-25,06:30,2025-10-25 03:30:00,2025-10-25 08:00:00,"ПРЯКО, Голф: Genesis Championship","LIVE, Golf: Genesis Championship"
max_sport_2_hd,2025-10-25,11:00,2025-10-25 08:00:00,2025-10-25 10:00:00,УЕФА Лига Европа: Рома - Виктория Пилзен Трети кръг,UEFA Europa League: Roma - Viktoria Pilsen Third round
max_sport_2_hd,2025-10-25,13:00,2025-10-25 10:00:00,2025-10-25 10:30:00,УЕФА Шампионска лига Магазинно предаване,UEFA Champions League Shop show
max_sport_2_hd,2025-10-25,13:30,2025-10-25 10:30:00,2025-10-25 12:30:00,Серия А: Милан - Пиза,Serie A: Milan - Pisa
max_sport_2_hd,2025-10-25,15:30,2025-10-25 12:30:00,2025-10-25 13:00:00,"ПРЯКО, Студио Футбол","LIVE, Studio Football"
max_sport_2_hd,2025-10-25,16:00,2025-10-25 13:00:00,2025-10-25 15:00:00,"ПРЯКО, Серия А: Парма - Комо",LIVE Serie A: Parma - Como
max_sport_2_hd,2025-10-25,18:00,2025-10-25 15:00:00,2025-10-25 15:30:00,"ПРЯКО, Студио Футбол","LIVE, Studio Football"
max_sport_2_hd,2025-10-25,18:30,2025-10-25 15:30:00,2025-10-25 16:00:00,"ПРЯКО, Студио Футбол","LIVE, Studio Football"
max_sport_2_hd,2025-10-25,19:00,2025-10-25 16:00:00,2025-10-25 18:00:00,"ПРЯКО, Серия А: Наполи - Интер","LIVE, Serie A: Napoli - Inter"
max_sport_2_hd,2025-10-25,21:00,2025-10-25 18:00:00,2025-10-25 18:45:00,"ПРЯКО, Студио Футбол","LIVE, Studio Football"
max_sport_2_hd,2025-10-25,21:45,2025-10-25 18:45:00,2025-10-25 20:45:00,"ПРЯКО, Серия А: Кремонезе - Аталанта",LIVE Serie A: Cremonese - Atalanta
max_sport_2_hd,2025-10-25,23:45,2025-10-25 20:45:00,2025-10-25 21:45:00,"ПРЯКО, Студио Футбол","LIVE, Studio Football"
max_sport_3_hd,2025-10-25,00:00,2025-10-24 21:00:00,2025-10-24 21:00:00,"ПРЯКО, Студио Футбол","LIVE, Studio Football"
max_sport_3_hd,2025-10-25,00:00,2025-10-24 21:00:00,2025-10-24 21:15:00,"ПРЯКО, Студио Футбол","LIVE, Studio Football"
max_sport_3_hd,2025-10-25,00:15,2025-10-24 21:15:00,2025-10-24 21:15:00,Копа Либертадорес: Фламенго - Расинг Клуб Полуфинал,Copa Libertadores: Flamengo - Racing Club Semi-Final
max_sport_3_hd,2025-10-25,00:15,2025-10-24 21:15:00,2025-10-24 22:00:00,УЕФА Шампионска лига Магазинно предаване,UEFA Champions League Shop show
max_sport_3_hd,2025-10-25,01:00,2025-10-24 22:00:00,2025-10-24 23:00:00,"ПРЯКО, Мейджър Лийг Сокър:","LIVE, Major League Soccer:"
max_sport_3_hd,2025-10-25,02:00,2025-10-24 23:00:00,2025-10-25 00:00:00,Ла Лига: Жирона - Овиедо,La Liga: Girona - Oviedo
max_sport_3_hd,2025-10-25,03:00,2025-10-25 00:00:00,2025-10-25 01:00:00,Ла Лига: Реал Мадрид - Барселона,La Liga: Real Madrid - Barcelona
max_sport_3_hd,2025-10-25,04:00,2025-10-25 01:00:00,2025-10-25 03:00:00,Ла Лига: Валенсия - Виляреал,La Liga: Valencia - Villarreal
max_sport_3_hd,2025-10-25,06:00,2025-10-25 03:00:00,2025-10-25 05:00:00,Ла Лига: Реал Сосиедад - Севиля,La Liga: Real Sociedad - Sevilla
max_sport_3_hd,2025-10-25,08:00,2025-10-25 05:00:00,2025-10-25 07:00:00,Копа Судамерикана: Индепендиенте дел Вале - Атлетико Минейро Полуфинал,Copa Sudamericana: Independiente del Valle - Atlético Mineiro Semi-Final
max_sport_3_hd,2025-10-25,10:00,2025-10-25 07:00:00,2025-10-25 08:00:00,Пред Стадиона - спортно шоу Пред Стадиона - спортно шоу,In front of the Stadium - sports show In front of the Stadium - sports show
max_sport_3_hd,2025-10-25,11:00,2025-10-25 08:00:00,2025-10-25 08:30:00,Trans World Sport,Trans World Sport
max_sport_3_hd,2025-10-25,11:30,2025-10-25 08:30:00,2025-10-25 09:30:00,LaLiga дневник Токшоу,LaLiga Diary Talk Show
max_sport_3_hd,2025-10-25,12:30,2025-10-25 09:30:00,2025-10-25 11:30:00,Ла Лига: Реал Сосиедад - Севиля,La Liga: Real Sociedad - Sevilla
max_sport_3_hd,2025-10-25,14:30,2025-10-25 11:30:00,2025-10-25 12:00:00,"ПРЯКО, Студио Футбол","LIVE, Studio Football"
max_sport_3_hd,2025-10-25,15:00,2025-10-25 12:00:00,2025-10-25 14:00:00,"ПРЯКО, Ла Лига: Жирона - Овиедо","LIVE, La Liga: Girona - Oviedo"
max_sport_3_hd,2025-10-25,17:00,2025-10-25 14:00:00,2025-10-25 14:15:00,"ПРЯКО, Студио Футбол","LIVE, Studio Football"
max_sport_3_hd,2025-10-25,17:15,2025-10-25 14:15:00,2025-10-25 16:15:00,"ПРЯКО, Ла Лига: Еспаньол - Елве","LIVE, La Liga: Espanyol - Elves"
max_sport_3_hd,2025-10-25,19:15,2025-10-25 16:15:00,2025-10-25 16:30:00,"ПРЯКО, Студио Футбол","LIVE, Studio Football"
max_sport_3_hd,2025-10-25,19:30,2025-10-25 16:30:00,2025-10-25 18:30:00,"ПРЯКО, Ла Лига: Атлетик Билбао - Хетафе","LIVE, La Liga: Athletic Bilbao - Getafe"
max_sport_3_hd,2025-10-25,21:30,2025-10-25 18:30:00,2025-10-25 19:00:00,"ПРЯКО, Студио Футбол","LIVE, Studio Football"
max_sport_3_hd,2025-10-25,22:00,2025-10-25 19:00:00,2025-10-25 20:00:00,"ПРЯКО, Ла Лига: Валенсия - Виляреал","LIVE, La Liga: Valencia - Villarreal"
